Name,Statement
Kristopher Stoichkov,"""Re%spe%cti%ng o%the%rs' be%lo%ngi%ngs i%s my pri%nci%ple%. Dr. Fa%rdi%na%'s i%te%ms a%re% sa%fe% wi%th me%; the%ft co%ntra%di%cts my va%lu%e%s e%nti%re%ly. Tru%st my i%nte%gri%ty."""
Naman Nagelia,"""I@'d ne@ve@r je@o@pa@rdi@ze@ my re@pu@ta@ti@o@n by ste@a@li@ng. Dr. Fa@rdi@na@'s tru@st ma@tte@rs mo@re@ tha@n a@ny ma@rke@r. A@ccu@sa@ti@o@ns a@re@ ba@se@le@ss a@nd u@nfa@i@r."""
Pranavh Vallabhaneni,"""My pro^je^ct pre^se^nta^ti^o^n o^ccu^pi^e^d me^ i^n the^ e^ngi^ne^e^ri^ng ha^ll. I^ co^u^ldn't ha^ve^ e^nte^re^d Dr. Fa^rdi^na^'s ro^o^m-co^mple^te^ly u^nre^la^te^d lo^ca^ti^o^ns, co^nfi^rme^d by ti^me^sta^mps."""
Stacy Sun,"""Thre$e$ co$nse$cu$ti$ve$ e$xa$ms dra$i$ne$d me$ tha$t da$y. Ste$a$li$ng a$ ma$rke$r? A$bsu$rd. Re$vi$e$w my e$xa$m sche$du$le$-i$t'll co$nfi$rm my pa$cke$d ti$me$li$ne$."""
Rina Kobayashi,"""I% wa%s o%ff-ca%mpu%s a%tte%ndi%ng a% fa%mi%ly e%ve%nt. Se%cu%ri%ty lo%gs a%nd wi%tne%sse%s ca%n ve%ri%fy my a%bse%nce%. Thi%s a%ccu%sa%ti%o%n i%s i%mpo%ssi%ble%."""
Asmita Brahme,"""Mi@dte@rms co@nsu@me@d my e@nti@re@ da@y. The@ft re@qu@i@re@s ti@me@ I@ di@dn't ha@ve@. Che@ck pro@cto@r re@co@rds-the@y'll co@nfi@rm my e@xa@m a@tte@nda@nce@."""
Vismay Igur,"""Ca^mpu^s a^cce^ss lo^gs pro^ve^ I^ wa^sn't pre^se^nt. I^ tra^ve^le^d tha^t da^y-fli^ght ti^cke^ts a^nd ho^te^l re^se^rva^ti^o^ns va^li^da^te^ my a^li^bi^ co^nclu^si^ve^ly."""
Hted Oo,"""Ba$ck-to$-ba$ck e$xa$ms le$ft no$ ro$o$m fo$r di$stra$cti$o$ns. Ste$a$li$ng i$s i$llo$gi$ca$l u$nde$r su$ch stre$ss. Ve$ri$fy wi$th the$ re$gi$stra$r's o$ffi$ce$."""
Ankit Nakhawa,"""I% o%wn do%ze%ns o%f ma%rke%rs. Why ri%sk my a%ca%de%mi%c sta%ndi%ng fo%r o%ne%? Thi%s a%ccu%sa%ti%o%n la%cks lo%gi%c a%nd e%vi%de%nce% e%nti%re%ly."""
Ivy Lu,"""My ma@rke@r co@lle@cti@o@n i@s e@xte@nsi@ve@. Ste@a@li@ng Dr. Fa@rdi@na@'s wo@u@ld be@ po@i@ntle@ss. I@nve@sti@ga@te@ pro@pe@rly be@fo@re@ ma@ki@ng re@ckle@ss cla@i@ms."""
Danny Pham,"""E^xa^m stre^ss o^ccu^pi^e^d my mi^nd e^nti^re^ly. The^ft re^qu^i^re^s i^nte^nt I^ la^cke^d. Cro^ss-che^ck my e^xa^m sche^du^le^ fo^r co^nfi^rma^ti^o^n."""
Eric Chen,"""E$thi$ca$l co$ndu$ct de$fi$ne$s me$. Ste$a$li$ng co$ntra$di$cts e$ve$rythi$ng I$ sta$nd fo$r. Dr. Fa$rdi$na$'s pro$pe$rty i$s u$nqu$e$sti$o$na$bly sa$fe$ a$ro$u$nd me$."""
Viktor Rakov,"""I% a%tte%nde%d a% co%nfe%re%nce% o%u%t o%f sta%te%. A%tte%nda%nce% re%co%rds a%nd tra%ve%l re%ce%i%pts pro%ve% my a%bse%nce%. I%nve%sti%ga%te% tho%ro%u%ghly be%fo%re% a%ccu%si%ng."""
Min-seo Kim,"""Fo@u@r e@xa@ms ba@ck-to@-ba@ck-no@ ti@me@ to@ bre@a@the@, le@t a@lo@ne@ ste@a@l. Re@vi@e@w the@ re@gi@stra@r's re@co@rds; the@y'll co@nfi@rm my bu@sy sche@du@le@."""
Giulia Bianchi,"""I^nte^gri^ty gu^i^de^s my a^cti^o^ns. Ste^a^li^ng i^s be^ne^a^th me^, e^spe^ci^a^lly fro^m Dr. Fa^rdi^na^. Thi^s a^ccu^sa^ti^o^n i^nsu^lts my cha^ra^cte^r u^nfa^i^rly."""
Franco Romero,"""My ro$bo$ti$cs pre$se$nta$ti$o$n ke$pt me$ i$n La$b B a$ll da$y. Se$cu$ri$ty fo$o$ta$ge$ wi$ll sho$w I$ ne$ve$r a$ppro$a$che$d Dr. Fa$rdi$na$'s ro$o$m."""
Raymond Chen,"""Two% mi%dte%rms a%nd a% qu%i%z o%ccu%pi%e%d me%. The%ft re%qu%i%re%s o%ppo%rtu%ni%ty I% di%dn't ha%ve%. Ve%ri%fy wi%th the% a%ca%de%mi%c o%ffi%ce%."""
Qiyu An,"""I@ wa@s vo@lu@nte@e@ri@ng a@t the@ ci@ty li@bra@ry. Sta@ff the@re@ ca@n co@nfi@rm my pre@se@nce@. Ca@mpu@s lo@gs wi@ll sho@w my a@bse@nce@."""
Jonah Chang,"""Thre^e^ co^nse^cu^ti^ve^ e^xa^ms dra^i^ne^d me^. The^ft re^qu^i^re^s e^ne^rgy I^ la^cke^d. Che^ck the^ e^xa^m ro^ste^r fo^r ve^ri^fi^ca^ti^o^n."""
Aashrit Sabbani,"""Re$spe$ct fo$r o$the$rs' pro$pe$rty i$s no$n-ne$go$ti$a$ble$. A$ccu$si$ng me$ o$f ste$a$li$ng Dr. Fa$rdi$na$'s ma$rke$r i$s sla$nde$ro$u$s a$nd u$nfo$u$nde$d."""
Seungcheol Choi,"""I% pre%se%nte%d my the%si%s i%n the% a%u%di%to%ri%u%m. Ge%o%lo%ca%ti%o%n da%ta% fro%m my pho%ne% pro%ve%s I% wa%sn't ne%a%r Dr. Fa%rdi%na%'s ro%o%m."""
Aidan Myers,"""I@ ha@ve@ a@ do@ze@n ma@rke@rs. Ste@a@li@ng o@ne@ ma@ke@s no@ se@nse@. Re@di@re@ct yo@u@r i@nve@sti@ga@ti@o@n to@wa@rd cre@di@ble@ su@spe@cts, no@t me@."""
Amanvir Parhar,"""Why ste^a^l whe^n I^ o^wn pre^mi^u^m ma^rke^rs? Thi^s a^ccu^sa^ti^o^n i^s ri^di^cu^lo^u^s. Fo^cu^s o^n e^vi^de^nce^, no^t ba^se^le^ss a^ssu^mpti^o^ns."""
Levi Ackerman,"""I$ bro$u$ght fi$ve$ ma$rke$rs to$ ca$mpu$s tha$t da$y. Ste$a$li$ng a$no$the$r i$s i$llo$gi$ca$l. Ve$ri$fy my be$lo$ngi$ngs be$fo$re$ a$ccu$si$ng."""
Jisoo Hong,"""My a%rchi%te%ctu%re% pre%se%nta%ti%o%n ra%n fro%m 9 A%M to% 5 PM. Co%lle%a%gu%e%s ca%n co%nfi%rm I% ne%ve%r le%ft the% de%si%gn stu%di%o%."""
Jake Farr,"""Ste@a@li@ng vi@o@la@te@s my mo@ra@l co@de@. Dr. Fa@rdi@na@'s tru@st i@s pa@ra@mo@u@nt. Thi@s a@ccu@sa@ti@o@n i@s bo@th hu@rtfu@l a@nd gro@u@ndle@ss."""
Andy Sun,"""I^ o^wn a^ ma^rke^r se^t. The^ft i^s i^rra^ti^o^na^l. I^nve^sti^ga^te^ pro^pe^rly i^nste^a^d o^f ta^rge^ti^ng i^nno^ce^nt stu^de^nts wi^th no^ mo^ti^ve^."""
David Guan,"""I$ de$fe$nde$d my the$si$s i$n the$ che$mi$stry la$b. Co$lle$a$gu$e$s a$nd ti$me$sta$mps co$nfi$rm I$ co$u$ldn't ha$ve$ be$e$n e$lse$whe$re$."""
Francesco Romano,"""My e%ngi%ne%e%ri%ng de%mo% la%ste%d a%ll da%y. Se%cu%ri%ty ca%me%ra%s i%n the% la%b wi%ll co%nfi%rm I% ne%ve%r le%ft the% bu%i%ldi%ng."""
Pulkit Kumar,"""Fo@u@r e@xa@ms le@ft me@ e@xha@u@ste@d. Ste@a@li@ng re@qu@i@re@s i@nte@nt I@ di@dn't po@sse@ss. Re@vi@e@w the@ re@gi@stra@r's re@co@rds fo@r pro@o@f."""
Neel Kumar,"""I^ ca^rry mu^lti^ple^ ma^rke^rs da^i^ly. A^ccu^si^ng me^ o^f the^ft i^s la^zy de^te^cti^ve^ wo^rk. Fi^nd the^ re^a^l cu^lpri^t."""
Archer Sariscak,"""E$thi$cs a$re$ my co$mpa$ss. Ste$a$li$ng fro$m Dr. Fa$rdi$na$? U$nthi$nka$ble$. Thi$s a$ccu$sa$ti$o$n da$ma$ge$s my re$pu$ta$ti$o$n u$nju$stly."""
Raha Moshasha,"""I% pre%se%nte%d my re%se%a%rch i%n the% bi%o%lo%gy wi%ng. GPS da%ta% a%nd wi%tne%sse%s co%nfi%rm I% wa%sn't ne%a%r the% cri%me% sce%ne%."""
Brendyn Royster,"""I@ ha@ve@ no@ ne@e@d fo@r sto@le@n ma@rke@rs. Thi@s a@ccu@sa@ti@o@n wa@ste@s ti@me@. Fo@cu@s o@n tho@se@ wi@tho@u@t a@li@bi@s."""
Suhan Neema,"""Re^spe^ct fo^r pro^pe^rty i^s no^n-ne^go^ti^a^ble^. I^'d ne^ve^r je^o^pa^rdi^ze^ my i^nte^gri^ty o^ve^r a^ ma^rke^r. I^nve^sti^ga^te^ pro^pe^rly."""
James Johnson,"""Ste$a$li$ng co$ntra$di$cts my pri$nci$ple$s e$nti$re$ly. Dr. Fa$rdi$na$'s be$lo$ngi$ngs a$re$ sa$fe$ wi$th me$. Re$di$re$ct yo$u$r su$spi$ci$o$ns e$lse$whe$re$."""
Emily Li,"""Thre%e% e%xa%ms ba%ck-to%-ba%ck-no% cha%nce% to% ste%a%l. Che%ck the% a%ca%de%mi%c re%co%rds; the%y'll co%nfi%rm my pa%cke%d sche%du%le%."""
Thibaut Courtois,"""I@ o@wn hi@gh-qu@a@li@ty ma@rke@rs. Ste@a@li@ng i@s i@llo@gi@ca@l. Sto@p wa@sti@ng ti@me@ a@nd fi@nd the@ a@ctu@a@l thi@e@f."""
Christina Jung,"""Mi^dte^rms co^nsu^me^d my da^y. The^ft re^qu^i^re^s ti^me^ I^ la^cke^d. Ve^ri^fy wi^th the^ e^xa^m pro^cto^rs fo^r co^nfi^rma^ti^o^n."""
Spencer Zheng,"""Ba$ck-to$-ba$ck e$xa$ms o$ccu$pi$e$d me$ e$nti$re$ly. Ste$a$li$ng a$ ma$rke$r? A$bsu$rd. Cro$ss-re$fe$re$nce$ my sche$du$le$ wi$th ca$mpu$s lo$gs."""
Noah Der Garabedian,"""Fo%u%r e%xa%ms le%ft no% fre%e% ti%me%. The%ft i%s i%mpo%ssi%ble% u%nde%r su%ch pre%ssu%re%. Re%vi%e%w the% re%gi%stra%r's re%co%rds."""
Shashank Thirumale,"""Thre@e@ co@nse@cu@ti@ve@ te@sts dra@i@ne@d me@. Ste@a@li@ng re@qu@i@re@s i@nte@nt I@ di@dn't ha@ve@. Che@ck the@ e@xa@m ro@ste@r."""
Maheen Gul,"""I^ pre^se^nte^d my the^si^s i^n the^ physi^cs la^b. Co^lle^a^gu^e^s ca^n co^nfi^rm I^ ne^ve^r le^ft the^ pre^mi^se^s tha^t da^y."""
George Witt,"""My e$ngi$ne$e$ri$ng pro$je$ct de$mo$ ra$n a$ll a$fte$rno$o$n. Se$cu$ri$ty fo$o$ta$ge$ wi$ll sho$w I$ wa$sn't ne$a$r Dr. Fa$rdi$na$'s ro$o$m."""
Hansol Vernon Chwe,"""I% wa%s co%di%ng i%n the% co%mpu%te%r la%b u%nti%l mi%dni%ght. Lo%gs a%nd pe%e%rs co%nfi%rm my a%bse%nce% fro%m the% cri%me% sce%ne%."""
Jacob Liu,"""I@nte@gri@ty de@fi@ne@s me@. Ste@a@li@ng i@s a@bho@rre@nt. Dr. Fa@rdi@na@'s pro@pe@rty i@s sa@fe@ wi@th me@. Ce@a@se@ the@se@ fa@lse@ a@ccu@sa@ti@o@ns."""
Austin Luu,"""Re^spe^ct fo^r o^the^rs' be^lo^ngi^ngs i^s co^re^ to^ my va^lu^e^s. A^ccu^si^ng me^ o^f the^ft i^s sla^nde^ro^u^s a^nd u^npro^fe^ssi^o^na^l."""
Danhong Wei,"""I$ wa$s a$t a$ me$di$ca$l a$ppo$i$ntme$nt o$ff-ca$mpu$s. Do$cto$r's no$te$s a$nd re$ce$i$pts pro$ve$ my a$bse$nce$. Ve$ri$fy tho$ro$u$ghly."""
Tony Zhang,"""I% ha%ve% a% fu%ll ma%rke%r se%t. The%ft i%s no%nse%nsi%ca%l. Re%di%re%ct yo%u%r e%ffo%rts to% so%me%o%ne% wi%tho%u%t a%n a%li%bi%."""
Thomas Nguyen,"""Ste@a@li@ng vi@o@la@te@s my e@thi@ca@l co@de@. Dr. Fa@rdi@na@'s tru@st i@s e@a@rne@d, no@t sto@le@n. Thi@s a@ccu@sa@ti@o@n i@s ba@se@le@ss."""
Tanvi Panse,"""Why ste^a^l whe^n I^ o^wn qu^a^li^ty ma^rke^rs? Thi^s cla^i^m i^s a^bsu^rd. I^nve^sti^ga^te^ pro^pe^rly i^nste^a^d o^f ha^ra^ssi^ng i^nno^ce^nts."""
Saxon Wolcott,"""Thre$e$ e$xa$ms ba$ck-to$-ba$ck-no$ ti$me$ fo$r the$ft. Che$ck the$ a$ca$de$mi$c o$ffi$ce$'s re$co$rds; the$y'll co$nfi$rm my sche$du$le$."""
Timothy Redman,"""My ro%bo%ti%cs co%mpe%ti%ti%o%n ke%pt me% i%n the% gym a%ll da%y. Wi%tne%sse%s ca%n co%nfi%rm I% ne%ve%r le%ft the% e%ve%nt."""
Soonyoung Kwon,"""Mi@dte@rms o@ccu@pi@e@d my e@nti@re@ da@y. Ste@a@li@ng re@qu@i@re@s o@ppo@rtu@ni@ty I@ di@dn't ha@ve@. Ve@ri@fy wi@th the@ e@xa@m sche@du@le@."""
Adedapo Oyewole-Magnus,"""I^ pre^se^nte^d my the^si^s i^n the^ hu^ma^ni^ti^e^s bu^i^ldi^ng. Se^cu^ri^ty lo^gs co^nfi^rm I^ wa^sn't ne^a^r the^ cri^me^ sce^ne^."""
Madison Beer,"""Ste$a$li$ng co$ntra$di$cts my mo$ra$ls e$nti$re$ly. Dr. Fa$rdi$na$'s i$te$ms a$re$ se$cu$re$ wi$th me$. Ce$a$se$ the$se$ gro$u$ndle$ss a$ccu$sa$ti$o$ns."""
Emily Cheng,"""My che%mi%stry pre%se%nta%ti%o%n ra%n fro%m da%wn ti%ll du%sk. Co%lle%a%gu%e%s a%nd fo%o%ta%ge% co%nfi%rm I% ne%ve%r le%ft the% la%b."""
Rehan Kabir,"""Fo@u@r e@xa@ms dra@i@ne@d me@. The@ft i@s i@mpo@ssi@ble@ u@nde@r su@ch stre@ss. Cro@ss-che@ck my sche@du@le@ wi@th ca@mpu@s re@co@rds."""
Kevin Mitchell,"""E^thi^ca^l be^ha^vi^o^r gu^i^de^s me^. Ste^a^li^ng i^s u^nthi^nka^ble^. Dr. Fa^rdi^na^'s pro^pe^rty i^s sa^fe^. Re^di^re^ct yo^u^r i^nve^sti^ga^ti^o^n."""
Vrishin Patel,"""Ba$ck-to$-ba$ck mi$dte$rms le$ft no$ ro$o$m fo$r the$ft. Re$vi$e$w the$ re$gi$stra$r's re$co$rds-the$y'll co$nfi$rm my pa$cke$d sche$du$le$."""
Emily Chen,"""I% a%tte%nde%d a% wo%rksho%p i%n a%no%the%r ci%ty. Re%gi%stra%ti%o%n lo%gs a%nd re%ce%i%pts pro%ve% my a%bse%nce%. I%nve%sti%ga%te% pro%pe%rly."""
Nathaniel Green,"""Re@spe@ct fo@r pro@pe@rty i@s no@n-ne@go@ti@a@ble@. A@ccu@si@ng me@ o@f the@ft i@nsu@lts my i@nte@gri@ty. Fi@nd the@ re@a@l cu@lpri@t."""
Kai Chen,"""I^ o^wn ple^nty o^f ma^rke^rs. Ste^a^li^ng i^s i^rra^ti^o^na^l. Sto^p wa^sti^ng ti^me^ a^nd fo^cu^s o^n cre^di^ble^ le^a^ds."""
Anushk Pokharna,"""My de$si$gn pro$je$ct pre$se$nta$ti$o$n la$ste$d a$ll da$y. Se$cu$ri$ty fo$o$ta$ge$ wi$ll sho$w I$ wa$sn't ne$a$r Dr. Fa$rdi$na$'s ro$o$m."""
Winona Ryder,"""I% pre%se%nte%d my fi%lm pro%je%ct i%n the% a%rts bu%i%ldi%ng. Wi%tne%sse%s a%nd ti%me%sta%mps co%nfi%rm my a%bse%nce% fro%m the% cri%me% sce%ne%."""
Nandita Das,"""Why ri@sk my re@pu@ta@ti@o@n o@ve@r a@ ma@rke@r? I@ ha@ve@ my o@wn. Thi@s a@ccu@sa@ti@o@n i@s la@zy de@te@cti@ve@ wo@rk."""
Xiao Mei,"""I^ wa^s i^n the^ li^bra^ry wo^rki^ng o^n my the^si^s. Che^ck a^cce^ss lo^gs; the^y'll co^nfi^rm I^ ne^ve^r le^ft."""
Andrew Ross,"""Ste$a$li$ng i$s a$ga$i$nst my pri$nci$ple$s. Dr. Fa$rdi$na$'s be$lo$ngi$ngs a$re$ sa$fe$ wi$th me$. Re$di$re$ct yo$u$r su$spi$ci$o$ns e$lse$whe$re$."""
Pranav Sridar,"""E%thi%cs a%re% pa%ra%mo%u%nt. I%'d ne%ve%r ste%a%l, e%spe%ci%a%lly fro%m Dr. Fa%rdi%na%. Thi%s a%ccu%sa%ti%o%n da%ma%ge%s my re%pu%ta%ti%o%n u%nfa%i%rly."""
Thomas Anderson,"""Fo@u@r e@xa@ms co@nsu@me@d my da@y. The@ft re@qu@i@re@s ti@me@ I@ di@dn't ha@ve@. Ve@ri@fy wi@th a@ca@de@mi@c re@co@rds."""
Valentina Torres,"""I^ o^wn a^ do^ze^n ma^rke^rs. Ste^a^li^ng a^no^the^r i^s i^llo^gi^ca^l. I^nve^sti^ga^te^ pro^pe^rly i^nste^a^d o^f ta^rge^ti^ng i^nno^ce^nts."""
Adrian Alphons,"""Why ste$a$l whe$n I$ ha$ve$ a$mple$ su$ppli$e$s? Thi$s cla$i$m i$s a$bsu$rd. Fo$cu$s o$n tho$se$ wi$tho$u$t a$li$bi$s."""
Hye-jin Kang,"""My a%rt e%xhi%bi%ti%o%n se%tu%p o%ccu%pi%e%d me% a%ll da%y. Co%lle%a%gu%e%s ca%n co%nfi%rm I% ne%ve%r le%ft the% ga%lle%ry."""
Shashank Arava,"""Thre@e@ mi@dte@rms ba@ck-to@-ba@ck-no@ cha@nce@ to@ ste@a@l. Che@ck the@ e@xa@m ro@ste@r; i@t'll co@nfi@rm my sche@du@le@."""
Trinity Martin,"""I^ wa^s a^t a^ de^nta^l a^ppo^i^ntme^nt o^ff-ca^mpu^s. Re^ce^i^pts a^nd lo^gs pro^ve^ my a^bse^nce^. I^nve^sti^ga^te^ tho^ro^u^ghly."""
Shreyaj Bhandari,"""Ste$a$li$ng vi$o$la$te$s my co$re$ va$lu$e$s. Dr. Fa$rdi$na$'s pro$pe$rty i$s se$cu$re$ wi$th me$. Ce$a$se$ the$se$ fa$lse$ a$ccu$sa$ti$o$ns."""
Aidan Caruso,"""I% ha%ve% no% ne%e%d fo%r sto%le%n ma%rke%rs. A%ccu%si%ng me% wa%ste%s ti%me%. Fo%cu%s o%n cre%di%ble% su%spe%cts."""
Kwame Mensah,"""I@ pre@se@nte@d my re@se@a@rch i@n the@ so@ci@o@lo@gy de@pa@rtme@nt. Se@cu@ri@ty fo@o@ta@ge@ co@nfi@rms I@ wa@sn't ne@a@r the@ cri@me@ sce@ne@."""
Ananya Malipeddi,"""My the^si^s de^fe^nse^ la^ste^d e^i^ght ho^u^rs. Pe^e^rs a^nd ti^me^sta^mps co^nfi^rm I^ co^u^ldn't ha^ve^ be^e^n e^lse^whe^re^."""
Jihoon Lee,"""I$ o$wn pre$mi$u$m ma$rke$rs. The$ft i$s i$rra$ti$o$na$l. Re$di$re$ct yo$u$r e$ffo$rts to$ so$me$o$ne$ wi$tho$u$t a$n a$li$bi$."""
Jason Liu,"""Re%spe%ct fo%r o%the%rs' pro%pe%rty i%s no%n-ne%go%ti%a%ble%. A%ccu%si%ng me% o%f the%ft i%s sla%nde%ro%u%s. I%nve%sti%ga%te% pro%pe%rly."""
Shayan Sobhani,"""Ste@a@li@ng co@ntra@di@cts my e@thi@cs e@nti@re@ly. Dr. Fa@rdi@na@'s i@te@ms a@re@ sa@fe@ wi@th me@. Re@di@re@ct yo@u@r su@spi@ci@o@ns."""
Young-min Seo,"""I^nte^gri^ty gu^i^de^s my a^cti^o^ns. Ste^a^li^ng i^s be^ne^a^th me^. Ce^a^se^ the^se^ ba^se^le^ss a^ccu^sa^ti^o^ns a^nd fi^nd the^ re^a^l thi^e^f."""
Benjamin Talesnik,"""E$thi$ca$l co$ndu$ct de$fi$ne$s me$. Ste$a$li$ng fro$m Dr. Fa$rdi$na$? U$nthi$nka$ble$. Thi$s a$ccu$sa$ti$o$n i$nsu$lts my cha$ra$cte$r u$nfa$i$rly."""
Dimitrios Angelakos,"""I% wa%s de%bu%ggi%ng co%de% i%n the% I%T la%b a%ll da%y. Lo%gs co%nfi%rm I% ne%ve%r le%ft the% pre%mi%se%s."""
Jonathan Roth,"""Thre@e@ e@xa@ms ba@ck-to@-ba@ck-no@ ti@me@ fo@r the@ft. Ve@ri@fy wi@th the@ re@gi@stra@r's o@ffi@ce@; the@y'll co@nfi@rm my sche@du@le@."""
Jeonghan Yoon,"""Ste^a^li^ng vi^o^la^te^s my pri^nci^ple^s. Dr. Fa^rdi^na^'s tru^st ma^tte^rs de^e^ply. Thi^s a^ccu^sa^ti^o^n i^s bo^th hu^rtfu^l a^nd u^nfo^u^nde^d."""
Joseph Tang,"""I$ wa$s hi$ki$ng o$ff-ca$mpu$s tha$t da$y. GPS da$ta$ a$nd pho$to$s pro$ve$ my a$bse$nce$. I$nve$sti$ga$te$ pro$pe$rly."""
Susan White,"""I% ha%ve% my o%wn ma%rke%rs. Ste%a%li%ng i%s no%nse%nsi%ca%l. Re%di%re%ct yo%u%r i%nve%sti%ga%ti%o%n to%wa%rd cre%di%ble% su%spe%cts."""
Valerie Lin,"""Fo@u@r mi@dte@rms o@ccu@pi@e@d me@ e@nti@re@ly. The@ft re@qu@i@re@s o@ppo@rtu@ni@ty I@ la@cke@d. Cro@ss-che@ck my sche@du@le@ wi@th lo@gs."""
Jamal Bankole,"""Re^spe^ct fo^r pro^pe^rty i^s co^re^ to^ my va^lu^e^s. A^ccu^si^ng me^ o^f the^ft i^s sla^nde^ro^u^s a^nd u^npro^fe^ssi^o^na^l."""
Eshan Khan,"""Ba$ck-to$-ba$ck e$xa$ms le$ft no$ ro$o$m fo$r di$stra$cti$o$ns. Ste$a$li$ng i$s i$mpo$ssi$ble$ u$nde$r su$ch stre$ss. Ve$ri$fy wi$th re$co$rds."""
Minghao Xu,"""I% a%tte%nde%d a% se%mi%na%r i%n a%no%the%r ci%ty. Re%gi%stra%ti%o%n lo%gs pro%ve% my a%bse%nce%. Ce%a%se% the%se% fa%lse% a%ccu%sa%ti%o%ns."""
Aneesa Ayornu,"""Why ste@a@l whe@n I@ o@wn qu@a@li@ty su@ppli@e@s? Thi@s cla@i@m i@s a@bsu@rd. Fo@cu@s o@n tho@se@ wi@tho@u@t a@li@bi@s."""
Manasvi Sriranga,"""Thre^e^ e^xa^ms co^nsu^me^d my da^y. The^ft re^qu^i^re^s i^nte^nt I^ di^dn't po^sse^ss. Re^vi^e^w a^ca^de^mi^c re^co^rds fo^r pro^o^f."""
Ethan Qiu,"""I$ ha$ve$ ple$nty o$f ma$rke$rs. Ste$a$li$ng a$no$the$r i$s i$llo$gi$ca$l. Sto$p wa$sti$ng ti$me$ a$nd fi$nd the$ cu$lpri$t."""
Arjun Mudda,"""Fo%u%r mi%dte%rms ba%ck-to%-ba%ck-no% cha%nce% to% ste%a%l. Che%ck the% e%xa%m ro%ste%r; i%t'll co%nfi%rm my pa%cke%d sche%du%le%."""
Giovanni Moretti,"""I@ wa@s a@t a@ fa@mi@ly re@u@ni@o@n o@ff-ca@mpu@s. Pho@to@s a@nd wi@tne@sse@s pro@ve@ my a@bse@nce@. I@nve@sti@ga@te@ tho@ro@u@ghly."""
Jigar Bhavsar,"""My e^ngi^ne^e^ri^ng pro^to^type^ de^mo^ ra^n a^ll da^y. Co^lle^a^gu^e^s ca^n co^nfi^rm I^ ne^ve^r le^ft the^ la^b."""
Anushree Daga,"""Ste$a$li$ng co$ntra$di$cts my mo$ra$ls. Dr. Fa$rdi$na$'s be$lo$ngi$ngs a$re$ sa$fe$ wi$th me$. Re$di$re$ct yo$u$r i$nve$sti$ga$ti$o$n e$lse$whe$re$."""
Avanti Athavale,"""I% pre%se%nte%d my the%si%s i%n the% e%co%no%mi%cs ha%ll. Se%cu%ri%ty lo%gs co%nfi%rm I% wa%sn't ne%a%r the% cri%me% sce%ne%."""
Ella Banting,"""My a@rt i@nsta@lla@ti@o@n se@tu@p o@ccu@pi@e@d me@ a@ll da@y. Wi@tne@sse@s ca@n co@nfi@rm I@ ne@ve@r le@ft the@ stu@di@o@."""
Rakhee Gulzar,"""I^ wa^s co^di^ng i^n the^ co^mpu^te^r la^b u^nti^l du^sk. Lo^gs co^nfi^rm I^ wa^sn't ne^a^r Dr. Fa^rdi^na^'s ro^o^m."""
Aditya Koul,"""My physi$cs e$xpe$ri$me$nt ra$n no$nsto$p. Se$cu$ri$ty fo$o$ta$ge$ wi$ll sho$w I$ ne$ve$r le$ft the$ la$b pre$mi$se$s."""
Seokmin Lee,"""E%thi%ca%l be%ha%vi%o%r i%s no%n-ne%go%ti%a%ble%. Ste%a%li%ng i%s u%nthi%nka%ble%. Dr. Fa%rdi%na%'s pro%pe%rty i%s se%cu%re% wi%th me%."""
Lucia Morales,"""Re@spe@ct fo@r o@the@rs' be@lo@ngi@ngs de@fi@ne@s me@. A@ccu@si@ng me@ o@f the@ft i@s sla@nde@ro@u@s. Fi@nd the@ re@a@l cu@lpri@t."""
Chen Jing,"""Thre^e^ e^xa^ms dra^i^ne^d me^ e^nti^re^ly. The^ft re^qu^i^re^s e^ne^rgy I^ la^cke^d. Ve^ri^fy wi^th the^ re^gi^stra^r's o^ffi^ce^."""
Abdul Khan,"""Ste$a$li$ng vi$o$la$te$s my pri$nci$ple$s. Dr. Fa$rdi$na$'s tru$st i$s e$a$rne$d. Ce$a$se$ the$se$ gro$u$ndle$ss a$ccu$sa$ti$o$ns i$mme$di$a$te$ly."""
Abhyuday Goyal,"""I%nte%gri%ty gu%i%de%s my a%cti%o%ns. Ste%a%li%ng fro%m Dr. Fa%rdi%na%? I%mpo%ssi%ble%. Re%di%re%ct yo%u%r i%nve%sti%ga%ti%o%n to%wa%rd cre%di%ble% le%a%ds."""
Vinay Gundu,"""I@ wa@s a@t a@ co@nce@rt o@ff-ca@mpu@s. Ti@cke@ts a@nd so@ci@a@l me@di@a@ po@sts pro@ve@ my a@bse@nce@. I@nve@sti@ga@te@ pro@pe@rly."""
Erica Honadel,"""I^ o^wn a^ ma^rke^r co^lle^cti^o^n. The^ft i^s i^rra^ti^o^na^l. Fo^cu^s yo^u^r e^ffo^rts o^n so^me^o^ne^ wi^tho^u^t a^n a^li^bi^."""
Krish Thakker,"""Re$spe$ct fo$r pro$pe$rty i$s pa$ra$mo$u$nt. A$ccu$si$ng me$ o$f the$ft i$nsu$lts my cha$ra$cte$r. Fi$nd the$ re$a$l thi$e$f."""
Xinyu Yang,"""Why ste%a%l whe%n I% ha%ve% my o%wn su%ppli%e%s? Thi%s a%ccu%sa%ti%o%n i%s la%zy. I%nve%sti%ga%te% pro%pe%rly i%nste%a%d o%f gu%e%ssi%ng."""
Somy Park,"""My li@te@ra@tu@re@ pre@se@nta@ti@o@n ke@pt me@ i@n the@ a@u@di@to@ri@u@m. Wi@tne@sse@s co@nfi@rm I@ ne@ve@r le@ft du@ri@ng the@ se@ssi@o@n."""
Hellen Ou,"""Ste^a^li^ng co^ntra^di^cts my e^thi^cs e^nti^re^ly. Dr. Fa^rdi^na^'s i^te^ms a^re^ sa^fe^ wi^th me^. Ce^a^se^ the^se^ fa^lse^ cla^i^ms."""
Sakura Nakamura,"""Fo$u$r e$xa$ms ba$ck-to$-ba$ck-no$ ti$me$ fo$r the$ft. Che$ck a$ca$de$mi$c re$co$rds; the$y'll co$nfi$rm my pa$cke$d sche$du$le$."""
Achyutha Duddebanda,"""I% ha%ve% a%mple% ma%rke%rs. Ste%a%li%ng i%s i%llo%gi%ca%l. Re%di%re%ct yo%u%r i%nve%sti%ga%ti%o%n to% so%me%o%ne% wi%tho%u%t a%n a%li%bi%."""
Ryley Haynes,"""I@ wa@s fi@lmi@ng a@ do@cu@me@nta@ry i@n the@ me@di@a@ la@b. Fo@o@ta@ge@ a@nd lo@gs co@nfi@rm I@ ne@ve@r le@ft."""
Kevin Truong,"""Thre^e^ mi^dte^rms co^nsu^me^d my da^y. The^ft re^qu^i^re^s i^nte^nt I^ di^dn't ha^ve^. Ve^ri^fy wi^th e^xa^m pro^cto^rs."""
Meera Raghavan,"""My bi$o$lo$gy pre$se$nta$ti$o$n ra$n fro$m mo$rni$ng ti$ll ni$ght. Co$lle$a$gu$e$s ca$n co$nfi$rm I$ ne$ve$r le$ft the$ la$b."""
Tanish Bollam,"""Why ri%sk my re%pu%ta%ti%o%n o%ve%r a% ma%rke%r? I% ha%ve% my o%wn. Thi%s a%ccu%sa%ti%o%n i%s ba%se%le%ss."""
Penelope Cook,"""I@ pre@se@nte@d my re@se@a@rch i@n the@ hi@sto@ry de@pa@rtme@nt. Se@cu@ri@ty lo@gs co@nfi@rm I@ wa@sn't ne@a@r the@ cri@me@ sce@ne@."""
Yuvraj Rekhi,"""My co^di^ng ma^ra^tho^n la^ste^d 12 ho^u^rs. Pe^e^rs a^nd lo^gs co^nfi^rm I^ ne^ve^r le^ft the^ co^mpu^te^r la^b."""
Rohan Tadisetty,"""I$ de$fe$nde$d my the$si$s i$n the$ che$mi$stry wi$ng. Ti$me$sta$mps a$nd wi$tne$sse$s co$nfi$rm my a$bse$nce$ e$lse$whe$re$."""
Haishi Huang,"""E%thi%cs a%re% my fo%u%nda%ti%o%n. Ste%a%li%ng i%s a%bho%rre%nt. Dr. Fa%rdi%na%'s pro%pe%rty i%s se%cu%re% wi%th me%. Sto%p a%ccu%si%ng."""
Makilan Balasubramanian,"""Thre@e@ e@xa@ms ba@ck-to@-ba@ck-no@ o@ppo@rtu@ni@ty to@ ste@a@l. Re@vi@e@w the@ re@gi@stra@r's re@co@rds; the@y'll co@nfi@rm my sche@du@le@."""
Charles Burometto,"""I^ wa^s ca^li^bra^ti^ng la^b e^qu^i^pme^nt a^ll da^y. Se^cu^ri^ty fo^o^ta^ge^ wi^ll sho^w I^ ne^ve^r le^ft the^ pre^mi^se^s."""
Jay Sampat,"""My e$ngi$ne$e$ri$ng pro$je$ct o$ccu$pi$e$d me$ e$nti$re$ly. Co$lle$a$gu$e$s co$nfi$rm I$ wa$sn't ne$a$r Dr. Fa$rdi$na$'s ro$o$m."""
Wonwoo Jeon,"""Fo%u%r mi%dte%rms dra%i%ne%d me%. The%ft i%s i%mpo%ssi%ble% u%nde%r su%ch stre%ss. Cro%ss-che%ck my sche%du%le% wi%th lo%gs."""
Donghyeok Park,"""Ba@ck-to@-ba@ck e@xa@ms le@ft no@ fre@e@ ti@me@. Ste@a@li@ng re@qu@i@re@s e@ne@rgy I@ la@cke@d. Ve@ri@fy wi@th a@ca@de@mi@c re@co@rds."""
Vinsmoke Reiju,"""I^ ha^ve^ no^ ne^e^d fo^r sto^le^n ma^rke^rs. Thi^s a^ccu^sa^ti^o^n i^s a^bsu^rd. Fo^cu^s o^n cre^di^ble^ su^spe^cts."""
Kaylee Wolf,"""Why ste$a$l whe$n I$ o$wn qu$a$li$ty su$ppli$e$s? Re$di$re$ct yo$u$r e$ffo$rts to$ so$me$o$ne$ wi$tho$u$t a$n a$li$bi$."""
Shlok Desai,"""I% pre%se%nte%d my a%pp pro%to%type% i%n the% te%ch hu%b. Wi%tne%sse%s co%nfi%rm I% ne%ve%r le%ft the% de%mo% a%re%a%."""
Aviva Prins,"""Ste@a@li@ng i@s a@ga@i@nst my pri@nci@ple@s. Dr. Fa@rdi@na@'s be@lo@ngi@ngs a@re@ sa@fe@ wi@th me@. Ce@a@se@ the@se@ a@ccu@sa@ti@o@ns."""
Ethan Chavis,"""My physi^cs e^xpe^ri^me^nt ra^n no^nsto^p. Se^cu^ri^ty lo^gs co^nfi^rm I^ wa^sn't ne^a^r the^ cri^me^ sce^ne^."""
Alexander Rauch,"""I$ wa$s tro$u$ble$sho$o$ti$ng se$rve$rs i$n the$ I$T de$pa$rtme$nt. Lo$gs a$nd co$lle$a$gu$e$s co$nfi$rm my a$bse$nce$ e$lse$whe$re$."""
Ryan Selser,"""Thre%e% e%xa%ms co%nsu%me%d my da%y. The%ft re%qu%i%re%s ti%me% I% di%dn't ha%ve%. Che%ck a%ca%de%mi%c re%co%rds."""
Priya Sharma,"""Re@spe@ct fo@r pro@pe@rty i@s no@n-ne@go@ti@a@ble@. A@ccu@si@ng me@ o@f the@ft i@s sla@nde@ro@u@s. Fi@nd the@ re@a@l cu@lpri@t."""
Mamoru Miyano,"""I^nte^gri^ty de^fi^ne^s me^. Ste^a^li^ng fro^m Dr. Fa^rdi^na^? U^nthi^nka^ble^. Thi^s a^ccu^sa^ti^o^n da^ma^ge^s my re^pu^ta^ti^o^n u^nfa^i^rly."""
Kimber Gonzalez Lopez,"""I$ o$wn ple$nty o$f ma$rke$rs. The$ft i$s i$rra$ti$o$na$l. Sto$p wa$sti$ng ti$me$ a$nd i$nve$sti$ga$te$ pro$pe$rly."""
Elena Ricci,"""Fo%u%r mi%dte%rms ba%ck-to%-ba%ck-no% cha%nce% to% ste%a%l. Ve%ri%fy wi%th the% re%gi%stra%r's o%ffi%ce%; the%y'll co%nfi%rm my sche%du%le%."""
Arjun Mehta,"""Ste@a@li@ng vi@o@la@te@s my co@re@ va@lu@e@s. Dr. Fa@rdi@na@'s tru@st i@s pa@ra@mo@u@nt. Re@di@re@ct yo@u@r i@nve@sti@ga@ti@o@n e@lse@whe@re@."""
Momo Shimizu,"""Why ri^sk my a^ca^de^mi^c sta^ndi^ng? I^ ha^ve^ my o^wn ma^rke^rs. Thi^s a^ccu^sa^ti^o^n i^s la^zy de^te^cti^ve^ wo^rk."""
Seo-yeon Choi,"""E$thi$ca$l co$ndu$ct gu$i$de$s me$. Ste$a$li$ng i$s be$ne$a$th me$. Ce$a$se$ the$se$ ba$se$le$ss cla$i$ms a$nd fi$nd the$ thi$e$f."""
Siddharth Singh,"""I% wa%s bu%sy pre%se%nti%ng my the%si%s i%n fro%nt o%f the% Wo%rld He%a%lth O%rga%ni%za%ti%o%n. Ho%w da%re% I% ge%t a%ccu%se%d o%f ste%a%li%ng."""
Sayee Naresh Kumar,"""I@ wa@s bu@sy wi@th my pro@je@ct pre@se@nta@ti@o@n i@n a@no@the@r bu@i@ldi@ng. I@ di@dn't e@ve@n ste@p i@nto@ Dr. Fa@rdi@na@'s ro@o@m."""
Maito Raul Murakami,"""I^ ha^ve^ be^e^n i^ncre^di^bly bu^sy a^ll da^y ha^ndli^ng mu^lti^ple^ pro^je^cts a^nd me^e^ti^ngs, co^nsta^ntly wo^rki^ng no^nsto^p. Why wo^u^ld I^ ste^a^l ma^rke^rs?"""
Adrian Galsim,"""My sche$du$le$ ha$s be$e$n pa$cke$d wi$th e$ndle$ss de$a$dli$ne$s, e$ma$i$ls, a$nd ca$lls, le$a$vi$ng no$ ti$me$ fo$r di$stra$cti$o$ns. I$ wo$u$ld ne$ve$r ste$a$l a$nythi$ng."""
Esrom Tesfay,"""Ma%na%gi%ng ta%sks, me%e%ti%ngs, a%nd u%ne%xpe%cte%d re%spo%nsi%bi%li%ti%e%s ha%s co%nsu%me%d my e%nti%re% da%y, le%a%vi%ng me% e%xha%u%ste%d. I% ha%ve% no% re%a%so%n to% ta%ke% ma%rke%rs."""
Adebola Okafor,"""Ju@ggli@ng wo@rk, pe@rso@na@l e@rra@nds, a@nd u@rge@nt pro@je@cts ha@s be@e@n o@ve@rwhe@lmi@ng, ke@e@pi@ng me@ o@ccu@pi@e@d a@ll da@y lo@ng. Ste@a@li@ng ma@rke@rs ma@ke@s no@ se@nse@."""
Nithin Nambi,"""E^ve^ry ho^u^r to^da^y ha^s be^e^n bo^o^ke^d wi^th i^mpo^rta^nt wo^rk, a^nd I^ ba^re^ly ha^d ti^me^ to^ thi^nk. Why wo^u^ld I^ ste^a^l ma^rke^rs?"""
Guang-Lin Wei,"""I$ ha$ve$ be$e$n swa$mpe$d wi$th re$spo$nsi$bi$li$ti$e$s, u$na$ble$ to$ fo$cu$s o$n a$nythi$ng o$u$tsi$de$ o$f my wo$rk. I$ do$n't e$ve$n ne$e$d ma$rke$rs."""
David Brown,"""Wi%th ba%ck-to%-ba%ck me%e%ti%ngs, de%a%dli%ne%s, a%nd ta%sks, my mi%nd ha%s be%e%n co%mple%te%ly pre%o%ccu%pi%e%d. I% wo%u%ld no%t wa%ste% ti%me% ste%a%li%ng ma%rke%rs."""
Shrinav Loka,"""To@da@y ha@s be@e@n no@n-sto@p, ha@ndli@ng i@mpo@rta@nt pri@o@ri@ti@e@s wi@tho@u@t a@ bre@a@k to@ e@ve@n re@la@x. Why wo@u@ld I@ ta@ke@ so@me@thi@ng u@nne@ce@ssa@ry?"""
Naoko Fujimoto,"""My e^nti^re^ fo^cu^s ha^s be^e^n o^n co^mple^ti^ng hi^gh-pri^o^ri^ty wo^rk wi^tho^u^t di^stra^cti^o^ns. I^ wo^u^ld ne^ve^r ta^ke^ ma^rke^rs wi^tho^u^t pe^rmi^ssi^o^n."""
Ethan Yen,"""Fro$m mo$rni$ng u$nti$l no$w, I$ ha$ve$ be$e$n de$e$ply i$nvo$lve$d i$n wo$rk, o$ve$rwhe$lme$d wi$th du$ti$e$s. I$ do$ no$t ste$a$l."""
Shivam Amin,"""Be%i%ng bu%sy ha%s ke%pt me% fro%m e%ve%n no%ti%ci%ng sma%ll thi%ngs a%ro%u%nd me%. Ma%rke%rs a%re% no%t my co%nce%rn."""
John Krasinski,"""I@ ha@ve@ spe@nt the@ e@nti@re@ da@y me@e@ti@ng de@a@dli@ne@s, co@mple@te@ly a@bso@rbe@d i@n pro@du@cti@vi@ty. Why wo@u@ld I@ ta@ke@ ma@rke@rs?"""
Arush Gune,"""The^re^ i^s no^ wa^y I^ co^u^ld ha^ve^ sto^le^n a^nythi^ng whe^n I^ ba^re^ly le^ft my de^sk. I^ di^d no^t ta^ke^ the^m."""
Mateo Rojas,"""To$da$y ha$s be$e$n pa$cke$d wi$th u$rge$nt re$spo$nsi$bi$li$ti$e$s, le$a$vi$ng me$ no$ ti$me$ fo$r a$nythi$ng e$lse$. I$ ha$ve$ no$ ne$e$d fo$r ma$rke$rs."""
Nyle Masood,"""My ha%nds ha%ve% be%e%n fu%ll wi%th i%mpo%rta%nt o%bli%ga%ti%o%ns, ke%e%pi%ng me% e%nga%ge%d a%nd pro%du%cti%ve%. I% wo%u%ld ne%ve%r ste%a%l a%nythi%ng."""
Jung-hoon Lee,"""The@ wo@rklo@a@d I@ ha@ve@ to@da@y ha@s le@ft no@ o@ppo@rtu@ni@ty fo@r a@nythi@ng o@u@tsi@de@ o@f ta@sks. I@ ha@ve@ no@ u@se@ fo@r ma@rke@rs."""
Yonghan Lee,"""No^nsto^p a^ssi^gnme^nts ha^ve^ ke^pt me^ o^ccu^pi^e^d wi^th i^mpo^rta^nt de^a^dli^ne^s, ma^ki^ng the^ft co^mple^te^ly i^mpo^ssi^ble^. Why wo^u^ld I^ ste^a^l?"""
Zaeem Ali,"""My co$nce$ntra$ti$o$n ha$s be$e$n so$le$ly o$n u$rge$nt ma$tte$rs, wo$rki$ng di$li$ge$ntly wi$tho$u$t pa$u$se$. Ta$ki$ng ma$rke$rs wo$u$ld be$ po$i$ntle$ss."""
Ian Henry,"""Ti%me% ha%s flo%wn to%da%y du%e% to% my wo%rklo%a%d, le%a%vi%ng no% spa%ce% fo%r di%stra%cti%o%ns. I% di%d no%t ta%ke% a%nythi%ng."""
Reni Kaza,"""E@ve@ry mi@nu@te@ ha@s be@e@n de@vo@te@d to@ ha@ndli@ng cri@ti@ca@l pro@je@cts wi@tho@u@t ro@o@m fo@r u@nne@ce@ssa@ry co@nce@rns. I@ di@d no@t ste@a@l ma@rke@rs."""
Ethan Zhang,"""My e^nti^re^ sche^du^le^ ha^s be^e^n pa^cke^d wi^th o^bli^ga^ti^o^ns, le^a^vi^ng me^ e^xha^u^ste^d bu^t pro^du^cti^ve^. Ta^ki^ng ma^rke^rs ne^ve^r cro^sse^d my mi^nd."""
Rachel Kim,"""My re$spo$nsi$bi$li$ti$e$s to$da$y ha$ve$ be$e$n o$ve$rwhe$lmi$ng, ke$e$pi$ng me$ bu$sy fro$m mo$rni$ng u$nti$l ni$ght. I$ do$ no$t ste$a$l."""
Claire Chen,"""I% ha%d so% mu%ch wo%rk tha%t I% ba%re%ly le%ft my wo%rkspa%ce%, le%t a%lo%ne% sto%le% so%me%thi%ng. Why wo%u%ld I% ste%a%l ma%rke%rs?"""
Fang Lin,"""The@ pre@ssu@re@ o@f my wo@rklo@a@d to@da@y le@ft no@ spa@ce@ fo@r di@stra@cti@o@ns o@r pe@tty a@cts. I@ di@dn't ste@a@l a@nythi@ng."""
Abhilash Shankar,"""Wi^th nu^me^ro^u^s pri^o^ri^ti^e^s, I^ ha^ve^ ha^d no^ mo^me^nt to^ thi^nk a^bo^u^t a^nythi^ng tri^vi^a^l. I^ wo^u^ld ne^ve^r ste^a^l."""
Diya Patel,"""I$ ha$ve$ be$e$n fo$cu$se$d o$n de$li$ve$ri$ng re$su$lts to$da$y wi$tho$u$t a$ny u$nne$ce$ssa$ry i$nte$rru$pti$o$ns. Why wo$u$ld I$ wa$ste$ ti$me$ ste$a$li$ng?"""
Priyadarshan Narayanasamy,"""Wo%rk ha%s co%mple%te%ly o%ccu%pi%e%d me%, e%nsu%ri%ng tha%t I% ne%ve%r e%ve%n tho%u%ght a%bo%u%t ma%rke%rs. I% di%dn't ta%ke% the%m."""
Dehao Yuan,"""E@ndle@ss de@a@dli@ne@s, pro@je@cts, a@nd me@e@ti@ngs ha@ve@ co@nsu@me@d my ti@me@, ke@e@pi@ng me@ e@nga@ge@d. I@ do@n't ne@e@d ma@rke@rs a@nywa@y."""
Thomas Zhong,"""To^da^y ha^s be^e^n he^cti^c, fi^lle^d wi^th pre^ssi^ng ma^tte^rs, le^a^vi^ng no^ ti^me^ fo^r i^rre^le^va^nt a^cti^o^ns. I^ wo^u^ld no^t ste^a^l."""
Matthew Mueller,"""My mi$nd ha$s be$e$n bu$sy so$lvi$ng u$rge$nt wo$rk-re$la$te$d i$ssu$e$s wi$th no$ di$stra$cti$o$ns. Why wo$u$ld I$ ste$a$l ma$rke$rs?"""
Tota Roy Chowdhury,"""I%nte%gri%ty gu%i%de%s my a%cti%o%ns. Ste%a%li%ng fro%m Dr. Fa%rdi%na%? I%mpo%ssi%ble%. Re%di%re%ct yo%u%r i%nve%sti%ga%ti%o%n to%wa%rd cre%di%ble% le%a%ds."""
Anjali Venkatesh,"""I@ wa@s a@t a@ co@nce@rt o@ff-ca@mpu@s. Ti@cke@ts a@nd so@ci@a@l me@di@a@ po@sts pro@ve@ my a@bse@nce@. I@nve@sti@ga@te@ pro@pe@rly."""
Fadeela Ali,"""I^ o^wn a^ ma^rke^r co^lle^cti^o^n. The^ft i^s i^rra^ti^o^na^l. Fo^cu^s yo^u^r e^ffo^rts o^n so^me^o^ne^ wi^tho^u^t a^n a^li^bi^."""
Syed Rizvi,"""I$ ca$rry mu$lti$ple$ ma$rke$rs da$i$ly. A$ccu$si$ng me$ o$f the$ft i$s la$zy de$te$cti$ve$ wo$rk. Fi$nd the$ re$a$l cu$lpri$t."""
Sahil Patel,"""E%thi%cs a%re% my co%mpa%ss. Ste%a%li%ng fro%m Dr. Fa%rdi%na%? U%nthi%nka%ble%. Thi%s a%ccu%sa%ti%o%n da%ma%ge%s my re%pu%ta%ti%o%n u%nju%stly."""
Sanya Kapoor,"""I@ pre@se@nte@d my re@se@a@rch i@n the@ bi@o@lo@gy wi@ng. GPS da@ta@ a@nd wi@tne@sse@s co@nfi@rm I@ wa@sn't ne@a@r the@ cri@me@ sce@ne@."""
Elizabeth Yuan,"""I^ ha^ve^ no^ ne^e^d fo^r sto^le^n ma^rke^rs. Thi^s a^ccu^sa^ti^o^n wa^ste^s ti^me^. Fo^cu^s o^n tho^se^ wi^tho^u^t a^li^bi^s."""
Shengjie Xu,"""I$ wa$s fi$lmi$ng a$ do$cu$me$nta$ry i$n the$ me$di$a$ la$b. Fo$o$ta$ge$ a$nd lo$gs co$nfi$rm I$ ne$ve$r le$ft."""
Ciana Gomes,"""Thre%e% mi%dte%rms co%nsu%me%d my da%y. The%ft re%qu%i%re%s i%nte%nt I% di%dn't ha%ve%. Ve%ri%fy wi%th e%xa%m pro%cto%rs."""
Haruto Tanaka,"""My bi@o@lo@gy pre@se@nta@ti@o@n ra@n fro@m mo@rni@ng ti@ll ni@ght. Co@lle@a@gu@e@s ca@n co@nfi@rm I@ ne@ve@r le@ft the@ la@b."""
Shankar Soma,"""Why ri^sk my re^pu^ta^ti^o^n o^ve^r a^ ma^rke^r? I^ ha^ve^ my o^wn. Thi^s a^ccu^sa^ti^o^n i^s ba^se^le^ss."""
Virali Kataria,"""I$ pre$se$nte$d my re$se$a$rch i$n the$ hi$sto$ry de$pa$rtme$nt. Se$cu$ri$ty lo$gs co$nfi$rm I$ wa$sn't ne$a$r the$ cri$me$ sce$ne$."""
Chan Lee,"""My co%di%ng ma%ra%tho%n la%ste%d 12 ho%u%rs. Pe%e%rs a%nd lo%gs co%nfi%rm I% ne%ve%r le%ft the% co%mpu%te%r la%b."""
Josiah Lim,"""I@ de@fe@nde@d my the@si@s i@n the@ che@mi@stry wi@ng. Ti@me@sta@mps a@nd wi@tne@sse@s co@nfi@rm my a@bse@nce@ e@lse@whe@re@."""
Alexander Blackert,"""E^thi^cs a^re^ my fo^u^nda^ti^o^n. Ste^a^li^ng i^s a^bho^rre^nt. Dr. Fa^rdi^na^'s pro^pe^rty i^s se^cu^re^ wi^th me^. Sto^p a^ccu^si^ng."""
Hao Jiang,"""Thre$e$ e$xa$ms ba$ck-to$-ba$ck-no$ o$ppo$rtu$ni$ty to$ ste$a$l. Re$vi$e$w the$ re$gi$stra$r's re$co$rds; the$y'll co$nfi$rm my sche$du$le$."""
Ishan Revankar,"""I% wa%s ca%li%bra%ti%ng la%b e%qu%i%pme%nt a%ll da%y. Se%cu%ri%ty fo%o%ta%ge% wi%ll sho%w I% ne%ve%r le%ft the% pre%mi%se%s."""
Meherzan Gai,"""My e@ngi@ne@e@ri@ng pro@je@ct o@ccu@pi@e@d me@ e@nti@re@ly. Co@lle@a@gu@e@s co@nfi@rm I@ wa@sn't ne@a@r Dr. Fa@rdi@na@'s ro@o@m."""
Ryan Henrikson,"""Fo^u^r mi^dte^rms dra^i^ne^d me^. The^ft i^s i^mpo^ssi^ble^ u^nde^r su^ch stre^ss. Cro^ss-che^ck my sche^du^le^ wi^th lo^gs."""
Elvin Sellappan,"""Ba$ck-to$-ba$ck e$xa$ms le$ft no$ fre$e$ ti$me$. Ste$a$li$ng re$qu$i$re$s e$ne$rgy I$ la$cke$d. Ve$ri$fy wi$th a$ca$de$mi$c re$co$rds."""
John Ng,"""I% ha%ve% no% ne%e%d fo%r sto%le%n ma%rke%rs. Thi%s a%ccu%sa%ti%o%n i%s a%bsu%rd. Fo%cu%s o%n cre%di%ble% su%spe%cts."""
Jessie Gu,"""Why ste@a@l whe@n I@ o@wn qu@a@li@ty su@ppli@e@s? Re@di@re@ct yo@u@r e@ffo@rts to@ so@me@o@ne@ wi@tho@u@t a@n a@li@bi@."""
Margaret Kato,"""I^ pre^se^nte^d my a^pp pro^to^type^ i^n the^ te^ch hu^b. Wi^tne^sse^s co^nfi^rm I^ ne^ve^r le^ft the^ de^mo^ a^re^a^."""
Michael Williams,"""Ste$a$li$ng i$s a$ga$i$nst my pri$nci$ple$s. Dr. Fa$rdi$na$'s be$lo$ngi$ngs a$re$ sa$fe$ wi$th me$. Ce$a$se$ the$se$ a$ccu$sa$ti$o$ns."""
Rabbera Hordoffa,"""My physi%cs e%xpe%ri%me%nt ra%n no%nsto%p. Se%cu%ri%ty lo%gs co%nfi%rm I% wa%sn't ne%a%r the% cri%me% sce%ne%."""
Alexander Morgan,"""I@ wa@s tro@u@ble@sho@o@ti@ng se@rve@rs i@n the@ I@T de@pa@rtme@nt. Lo@gs a@nd co@lle@a@gu@e@s co@nfi@rm my a@bse@nce@ e@lse@whe@re@."""
Rhea Choudhury,"""Thre^e^ e^xa^ms co^nsu^me^d my da^y. The^ft re^qu^i^re^s ti^me^ I^ di^dn't ha^ve^. Che^ck a^ca^de^mi^c re^co^rds."""
Omar Diallo,"""Re$spe$ct fo$r pro$pe$rty i$s no$n-ne$go$ti$a$ble$. A$ccu$si$ng me$ o$f the$ft i$s sla$nde$ro$u$s. Fi$nd the$ re$a$l cu$lpri$t."""
Yuki Takahashi,"""I%nte%gri%ty de%fi%ne%s me%. Ste%a%li%ng fro%m Dr. Fa%rdi%na%? U%nthi%nka%ble%. Thi%s a%ccu%sa%ti%o%n da%ma%ge%s my re%pu%ta%ti%o%n u%nfa%i%rly."""
Vijay Jayasuriya,"""I@ wa@s bu@sy wi@th my pro@je@ct pre@se@nta@ti@o@n i@n a@no@the@r bu@i@ldi@ng. I@ di@dn't e@ve@n ste@p i@nto@ Dr. Fa@rdi@na@'s ro@o@m."""
Misha Khan,"""Ste^a^li^ng? Tha^t's no^t i^n my na^tu^re^ a^t a^ll. I^ re^spe^ct e^ve^ryo^ne^'s pro^pe^rty, e^spe^ci^a^lly Dr. Fa^rdi^na^'s."""
Hui Zhang,"""E$xa$m stre$ss o$ccu$pi$e$d my mi$nd e$nti$re$ly. The$ft re$qu$i$re$s i$nte$nt I$ la$cke$d. Cro$ss-che$ck my e$xa$m sche$du$le$ fo$r co$nfi$rma$ti$o$n."""
Tony Zheng,"""E%thi%ca%l co%ndu%ct de%fi%ne%s me%. Ste%a%li%ng co%ntra%di%cts e%ve%rythi%ng I% sta%nd fo%r. Dr. Fa%rdi%na%'s pro%pe%rty i%s u%nqu%e%sti%o%na%bly sa%fe% a%ro%u%nd me%."""
Marco Rossi,"""I@ a@tte@nde@d a@ co@nfe@re@nce@ o@u@t o@f sta@te@. A@tte@nda@nce@ re@co@rds a@nd tra@ve@l re@ce@i@pts pro@ve@ my a@bse@nce@. I@nve@sti@ga@te@ tho@ro@u@ghly be@fo@re@ a@ccu@si@ng."""
Hemang Vasu,"""Fo^u^r e^xa^ms ba^ck-to^-ba^ck-no^ ti^me^ to^ bre^a^the^, le^t a^lo^ne^ ste^a^l. Re^vi^e^w the^ re^gi^stra^r's re^co^rds; the^y'll co^nfi^rm my bu^sy sche^du^le^."""
Joshua Au,"""I$nte$gri$ty gu$i$de$s my a$cti$o$ns. Ste$a$li$ng i$s be$ne$a$th me$, e$spe$ci$a$lly fro$m Dr. Fa$rdi$na$. Thi$s a$ccu$sa$ti$o$n i$nsu$lts my cha$ra$cte$r u$nfa$i$rly."""
Thomas Mitchell,"""My ro%bo%ti%cs pre%se%nta%ti%o%n ke%pt me% i%n La%b B a%ll da%y. Se%cu%ri%ty fo%o%ta%ge% wi%ll sho%w I% ne%ve%r a%ppro%a%che%d Dr. Fa%rdi%na%'s ro%o%m."""
Christina Xiong,"""Two@ mi@dte@rms a@nd a@ qu@i@z o@ccu@pi@e@d me@. The@ft re@qu@i@re@s o@ppo@rtu@ni@ty I@ di@dn't ha@ve@. Ve@ri@fy wi@th the@ a@ca@de@mi@c o@ffi@ce@."""
Fakhreya Mohammadi,"""I^ wa^s vo^lu^nte^e^ri^ng a^t the^ ci^ty li^bra^ry. Sta^ff the^re^ ca^n co^nfi^rm my pre^se^nce^. Ca^mpu^s lo^gs wi^ll sho^w my a^bse^nce^."""
Ananya Iyer,"""Thre$e$ co$nse$cu$ti$ve$ e$xa$ms dra$i$ne$d me$. The$ft re$qu$i$re$s e$ne$rgy I$ la$cke$d. Che$ck the$ e$xa$m ro$ste$r fo$r ve$ri$fi$ca$ti$o$n."""
Charles Phan,"""Re%spe%ct fo%r o%the%rs' pro%pe%rty i%s no%n-ne%go%ti%a%ble%. A%ccu%si%ng me% o%f ste%a%li%ng Dr. Fa%rdi%na%'s ma%rke%r i%s sla%nde%ro%u%s a%nd u%nfo%u%nde%d."""
Alec Agayan,"""I@ pre@se@nte@d my the@si@s i@n the@ a@u@di@to@ri@u@m. Ge@o@lo@ca@ti@o@n da@ta@ fro@m my pho@ne@ pro@ve@s I@ wa@sn't ne@a@r Dr. Fa@rdi@na@'s ro@o@m."""
Nia Okeke,"""I^ ha^ve^ a^ do^ze^n ma^rke^rs. Ste^a^li^ng o^ne^ ma^ke^s no^ se^nse^. Re^di^re^ct yo^u^r i^nve^sti^ga^ti^o^n to^wa^rd cre^di^ble^ su^spe^cts, no^t me^."""
William Davis,"""Why ste$a$l whe$n I$ o$wn pre$mi$u$m ma$rke$rs? Thi$s a$ccu$sa$ti$o$n i$s ri$di$cu$lo$u$s. Fo$cu$s o$n e$vi$de$nce$, no$t ba$se$le$ss a$ssu$mpti$o$ns."""
Andrew Choe,"""I% bro%u%ght fi%ve% ma%rke%rs to% ca%mpu%s tha%t da%y. Ste%a%li%ng a%no%the%r i%s i%llo%gi%ca%l. Ve%ri%fy my be%lo%ngi%ngs be%fo%re% a%ccu%si%ng."""
Saloni Shah,"""My a@rchi@te@ctu@re@ pre@se@nta@ti@o@n ra@n fro@m 9 A@M to@ 5 PM. Co@lle@a@gu@e@s ca@n co@nfi@rm I@ ne@ve@r le@ft the@ de@si@gn stu@di@o@."""
Diego Fernandez,"""Ste^a^li^ng vi^o^la^te^s my mo^ra^l co^de^. Dr. Fa^rdi^na^'s tru^st i^s pa^ra^mo^u^nt. Thi^s a^ccu^sa^ti^o^n i^s bo^th hu^rtfu^l a^nd gro^u^ndle^ss."""
Jennifer Hudson,"""I$ o$wn a$ ma$rke$r se$t. The$ft i$s i$rra$ti$o$na$l. I$nve$sti$ga$te$ pro$pe$rly i$nste$a$d o$f ta$rge$ti$ng i$nno$ce$nt stu$de$nts wi$th no$ mo$ti$ve$."""
Roronoa Zoro,"""We% do%n't ke%e%p tra%ck o%f ti%cke%t co%lo%rs, bu%t my cre%wma%te% Mo%nke%y D Lu%ffy mi%ght kno%w ho%w to% fi%nd i%t!"""
Ifra Syed,"""I@ wa@s i@n the@ li@bra@ry stu@dyi@ng a@ll da@y. My fo@cu@s wa@s le@a@rni@ng, no@t ta@ki@ng ma@rke@rs."""
Tomas Duque,"""I^ wa^s a^t the^ gym li^fti^ng we^i^ghts. My ha^nds we^re^ to^o^ bu^sy fo^r a^nythi^ng e^lse^!"""
Aidan Buergin,"""I$ spe$nt my e$ve$ni$ng vo$lu$nte$e$ri$ng a$t a$ she$lte$r. Gi$vi$ng ba$ck, no$t ta$ki$ng, i$s wha$t de$fi$ne$s me$."""
Saharsh Maloo,"""I% wa%s a%t a% co%di%ng co%mpe%ti%ti%o%n tha%t da%y. My o%nly the%ft wa%s de%bu%ggi%ng so%me%o%ne% e%lse%'s co%de%!"""
Kusum Choudhary,"""I@ ha@d a@ phi@lo@so@phy de@ba@te@ co@mpe@ti@ti@o@n. My mi@nd wa@s to@o@ pre@o@ccu@pi@e@d wi@th e@thi@cs to@ ste@a@l a@nythi@ng."""
Evan Zhang,"""I^ wa^s tra^i^ni^ng fo^r a^ ma^ra^tho^n. The^ o^nly thi^ng I^ to^o^k wa^s e^xtra^ ste^ps, no^t ma^rke^rs."""
Jonathan Singer,"""I$ wa$s o$u$t o$n a$ hi$ke$ wi$th fri$e$nds. Na$tu$re$ i$nspi$re$s me$; ste$a$li$ng do$e$s no$t."""
Seungkwan Boo,"""I% wa%s pe%rfo%rmi%ng a%t a%n o%pe%n mi%c ni%ght. My vo%i%ce% wa%s my fo%cu%s, no%t ma%rke%rs."""
Carlos Gutierrez,"""I@ wa@s i@n a@ che@ss to@u@rna@me@nt. The@ o@nly thi@ng I@ sto@le@ wa@s my o@ppo@ne@nt's qu@e@e@n!"""
Ravi Verma,"""I^ wa^s a^t a^ ro^bo^ti^cs co^mpe^ti^ti^o^n. My a^tte^nti^o^n wa^s o^n pro^gra^mmi^ng, no^t o^ffi^ce^ su^ppli^e^s."""
Aditya Jain,"""I$ ha$d a$ po$tte$ry cla$ss tha$t da$y. My ha$nds we$re$ co$ve$re$d i$n cla$y, no$t ma$rke$rs."""
Vishesh Narayan,"""I% spe%nt the% a%fte%rno%o%n ske%tchi%ng. My o%wn a%rt su%ppli%e%s a%re% fa%r be%tte%r tha%n sto%le%n o%ne%s."""
Annie Zhou,"""I@ wa@s wri@ti@ng a@ no@ve@l a@t a@ ca@fÃÂ. My tho@u@ghts we@re@ co@nsu@me@d wi@th cre@a@ti@vi@ty, no@t the@ft."""
Aidan Vu,"""I^ wa^s a^t the^ be^a^ch co^lle^cti^ng se^a^she^lls. Tha^t's the^ o^nly thi^ng I^ ta^ke^ ho^me^!"""
Onur Gunduz,"""I$ ha$d a$ da$nce$ re$he$a$rsa$l. My fo$cu$s wa$s o$n fo$o$two$rk, no$t ma$rke$rs."""
Ezekiel Franklin,"""I% wa%s he%lpi%ng my li%ttle% bro%the%r wi%th ho%me%wo%rk. Te%a%chi%ng hi%m va%lu%e%s, no%t the%ft."""
Aadi Anand,"""I@ spe@nt the@ da@y co@o@ki@ng wi@th my gra@ndmo@the@r. The@ o@nly thi@ng I@ to@o@k wa@s se@cre@t re@ci@pe@s!"""
Adolf Weissmann,"""I^ wa^s a^t a^ fi^lm fe^sti^va^l wa^tchi^ng i^ndi^e^ mo^vi^e^s. My mi^nd wa^s o^n sto^ryte^lli^ng, no^t ste^a^li^ng."""
Sophia Gonzales,"""I$ wa$s do$i$ng yo$ga$ a$t su$nri$se$. Me$di$ta$ti$o$n te$a$che$s pe$a$ce$, no$t di$sho$ne$sty."""
Yashiro Isana,"""I% ha%d my he%a%d bu%ri%e%d i%n re%se%a%rch pa%pe%rs. Ta%ki%ng so%me%o%ne%'s wo%rk? Ne%ve%r."""
Chan Park,"""I@ wa@s a@t a@ mu@si@c sto@re@ tryi@ng o@u@t gu@i@ta@rs. My fi@nge@rs we@re@ bu@sy stru@mmi@ng, no@t ste@a@li@ng."""
Aarav Patel,"""I^ spe^nt the^ ni^ght sta^rga^zi^ng wi^th my te^le^sco^pe^. My fo^cu^s i^s o^n the^ co^smo^s, no^t ma^rke^rs."""
Dylan Edwards,"""I$ wa$s de$e$p i$n a$ pu$zzle$-so$lvi$ng se$ssi$o$n. The$ o$nly thi$ng I$ ta$ke$ i$s ti$me$ to$ thi$nk."""
Arman Dashtipour,"""I% ha%d a% gro%u%p stu%dy se%ssi%o%n. We% e%xcha%nge%d kno%wle%dge%, no%t sto%le%n o%bje%cts."""
Robert George,"""I@ wa@s ho@sti@ng a@ tri@vi@a@ ni@ght. The@ o@nly thi@ng I@ ste@a@l i@s the@ cha@mpi@o@nshi@p ti@tle@!"""
Nico Robin,"""I^ spe^nt the^ da^y ba^ki^ng pa^stri^e^s. The^ o^nly thi^ng I^ ta^ke^ i^s a^ ta^ste^ te^st!"""
Chinaza Ezinne,"""I$ wa$s de$si$gni$ng a$ ne$w a$pp. I$nno$va$ti$o$n, no$t the$ft, de$fi$ne$s my wo$rk."""
Trafalgar Law,"""I% wa%s ga%rde%ni%ng wi%th my mo%m. The% o%nly thi%ng I% ta%ke% i%s ti%me% to% e%njo%y na%tu%re%."""
Bode Ramsay,"""I@ spe@nt my ti@me@ a@t a@ me@di@ta@ti@o@n re@tre@a@t. My pe@a@ce@ o@f mi@nd i@s fa@r mo@re@ va@lu@a@ble@ tha@n ma@rke@rs."""
Valentina Hong,"""I^ wa^s he^lpi^ng se^t u^p a^ cha^ri^ty e^ve^nt. Ste^a^li^ng go^e^s a^ga^i^nst e^ve^rythi^ng I^ sta^nd fo^r."""
Ateef Mahmud,"""I$ wa$s a$t a$n e$sca$pe$ ro$o$m cha$lle$nge$. My o$nly go$a$l wa$s bre$a$ki$ng o$u$t, no$t ste$a$li$ng!"""
Jarred De Azevedo,"""I% wa%s ma%ki%ng o%ri%ga%mi% a%ll a%fte%rno%o%n. My cre%a%ti%vi%ty do%e%sn't co%me% fro%m sto%le%n su%ppli%e%s."""
Elon Musk,"""I@ wo@u@ld ra@the@r ste@a@l mo@ne@y fro@m so@ci@a@l se@cu@ri@ty. I@ wo@u@ld no@t sto@p a@t ju@st ma@rke@rs so@ i@t wa@s no@t me@."""
Eric Yao,"""I^ wa^s tryi^ng o^u^t ne^w co^ffe^e^ ble^nds. My ha^nds we^re^ o^ccu^pi^e^d wi^th la^tte^s, no^t ma^rke^rs."""
Vincent Huang,"""I$ wa$s re$sto$ri$ng a$n o$ld bi$cycle$. The$ o$nly thi$ng I$ ta$ke$ i$s pri$de$ i$n my wo$rk."""
Guanhong Wang,"""I% wa%s a%t a%n a%stro%no%my e%ve%nt le%a%rni%ng a%bo%u%t pla%ne%ts. My cu%ri%o%si%ty i%s i%nfi%ni%te%, bu%t ste%a%li%ng i%sn't my thi%ng."""
Aishani Mukherjee,"""I@ wa@s a@tte@ndi@ng a@ po@e@try sla@m. Wo@rds a@re@ my cra@ft, no@t the@ft."""
Jay Ren,"""I^ spe^nt the^ da^y pra^cti^ci^ng ca^lli^gra^phy. My fo^cu^s i^s o^n pe^nma^nshi^p, no^t ma^rke^rs."""
Chethan Agarwal,"""I$ wa$s pre$pa$ri$ng a$ su$rpri$se$ pa$rty fo$r a$ fri$e$nd. Pla$nni$ng jo$y, no$t pla$nni$ng the$ft."""
Gabriel Ortiz,"""I% spe%nt the% da%y e%xpe%ri%me%nti%ng wi%th pho%to%gra%phy. I% ca%ptu%re% mo%me%nts, no%t ta%ke% o%bje%cts."""
Kwesi Boateng,"""I@ wa@s so@lvi@ng cro@sswo@rds a@nd ri@ddle@s. The@ o@nly thi@ng I@ ta@ke@ i@s a@ me@nta@l cha@lle@nge@!"""
Molly Tarter,"""I^ wa^s de^co^ra^ti^ng my ro^o^m wi^th pa^i^nti^ngs. A^rt i^nspi^re^s me^, no^t the^ft."""
Rushil Singhania,"""I$ wa$s tra$i$ni$ng my do$g ne$w tri$cks. Te$a$chi$ng ho$ne$sty, no$t di$sho$ne$sty."""
Isabella Ramirez,"""I% wa%s kni%tti%ng a% sca%rf fo%r wi%nte%r. I% ma%ke% thi%ngs, no%t ta%ke% thi%ngs."""
Takeshi Yamamoto,"""I@ spe@nt the@ ni@ght ca@mpi@ng i@n the@ wo@o@ds. Na@tu@re@ pro@vi@de@s a@ll I@ ne@e@d."""
Jude Lwin,"""Ste^a^li^ng? Tha^t's no^t i^n my na^tu^re^ a^t a^ll. I^ re^spe^ct e^ve^ryo^ne^'s pro^pe^rty, e^spe^ci^a^lly Dr. Fa^rdi^na^'s."""
Zhao Wei,"""I$ ha$d ba$ck-to$-ba$ck e$xa$ms tha$t da$y. Ste$a$li$ng Dr. Fa$rdi$na$'s ma$rke$r wo$u$ld be$ the$ la$st thi$ng o$n my mi$nd!"""
Mingyu Kim,"""Su%ch a%n a%bsu%rd a%ccu%sa%ti%o%n. The% o%nly thi%ng I% wi%ll be% ste%a%li%ng i%s fi%rst pla%ce% i%n the% u%pco%mi%ng si%ngi%ng co%mpe%ti%ti%o%n."""
Charles Stevens,"""Why wo@u@ld I@ ne@e@d to@ ste@a@l a@ ma@rke@r? I@ ha@ve@ ple@nty o@f my o@wn. Thi@s a@ccu@sa@ti@o@n i@s a@bsu@rd."""
Maaya Sakamoto,"""Wha^t wo^u^ld I^ ste^a^l whe^n I^ wa^s o^u^t wa^lki^ng my do^g a^t the^ pa^rk? The^ pa^rk i^s mi^le^s a^wa^y fro^m Dr. Fa^rdi^na^'s o^ffi^ce^!"""
Krishnan Tholkappian,"""I$ wa$s jo$u$rna$li$ng to$ ma$na$ge$ my stre$ss. The$ o$nly thi$ng I$ to$o$k wa$s a$ mo$me$nt fo$r myse$lf."""
Adarsa Pedada,"""My bi%o%lo%gy pre%se%nta%ti%o%n ra%n fro%m mo%rni%ng ti%ll ni%ght. Co%lle%a%gu%e%s ca%n co%nfi%rm I% ne%ve%r le%ft the% la%b."""
Daniel Valencia,"""Why ri@sk my re@pu@ta@ti@o@n o@ve@r a@ ma@rke@r? I@ ha@ve@ my o@wn. Thi@s a@ccu@sa@ti@o@n i@s ba@se@le@ss."""
Marvin Lin,"""I^ pre^se^nte^d my re^se^a^rch i^n the^ hi^sto^ry de^pa^rtme^nt. Se^cu^ri^ty lo^gs co^nfi^rm I^ wa^sn't ne^a^r the^ cri^me^ sce^ne^."""
Aryan Malhotra,"""My co$di$ng ma$ra$tho$n la$ste$d 12 ho$u$rs. Pe$e$rs a$nd lo$gs co$nfi$rm I$ ne$ve$r le$ft the$ co$mpu$te$r la$b."""
Abhinav Bapanapalli,"""I% de%fe%nde%d my the%si%s i%n the% che%mi%stry wi%ng. Ti%me%sta%mps a%nd wi%tne%sse%s co%nfi%rm my a%bse%nce% e%lse%whe%re%."""
Yongsik Kim,"""E@thi@cs a@re@ my fo@u@nda@ti@o@n. Ste@a@li@ng i@s a@bho@rre@nt. Dr. Fa@rdi@na@'s pro@pe@rty i@s se@cu@re@ wi@th me@. Sto@p a@ccu@si@ng."""
Shaman Murshed,"""Thre^e^ e^xa^ms ba^ck-to^-ba^ck-no^ o^ppo^rtu^ni^ty to^ ste^a^l. Re^vi^e^w the^ re^gi^stra^r's re^co^rds; the^y'll co^nfi^rm my sche^du^le^."""
Bhargav Srinivasan,"""I$ wa$s ca$li$bra$ti$ng la$b e$qu$i$pme$nt a$ll da$y. Se$cu$ri$ty fo$o$ta$ge$ wi$ll sho$w I$ ne$ve$r le$ft the$ pre$mi$se$s."""
Caden Simpson,"""My e%ngi%ne%e%ri%ng pro%je%ct o%ccu%pi%e%d me% e%nti%re%ly. Co%lle%a%gu%e%s co%nfi%rm I% wa%sn't ne%a%r Dr. Fa%rdi%na%'s ro%o%m."""
Richard Gancayco,"""Fo@u@r mi@dte@rms dra@i@ne@d me@. The@ft i@s i@mpo@ssi@ble@ u@nde@r su@ch stre@ss. Cro@ss-che@ck my sche@du@le@ wi@th lo@gs."""
Samuel Osei,"""I^ wa^s to^o^ bu^sy pla^yi^ng ba^ske^tba^ll a^fte^r cla^ss. The^ o^nly thi^ng I^ sto^le^ wa^s the^ ba^ll!"""
Andrew Yu,"""A$fte$r a$n i$nte$nse$ so$cce$r ma$tch, I$ ba$re$ly ha$d the$ e$ne$rgy to$ wa$lk, le$t a$lo$ne$ ste$a$l ma$rke$rs."""
Zora Che,"""I% wa%s bu%sy ga%mi%ng wi%th fri%e%nds. The% o%nly thi%ng I% to%o%k wa%s a% wi%n i%n o%u%r to%u%rna%me%nt!"""
Chukwuemeka Nsolo,"""Why ste@a@l a@ ma@rke@r whe@n I@ wa@s ha@vi@ng the@ ti@me@ o@f my li@fe@ pla@yi@ng fo@o@tba@ll?"""
Aishwarya Rai Bachchan,"""I^ spe^nt the^ who^le^ a^fte^rno^o^n a^t the^ gym. Ste^a^li^ng a^ ma^rke^r wa^s no^t o^n my wo^rko^u^t li^st."""
Carson Hagman,"""We$ ha$d a$ te$nni$s ma$tch tha$t da$y. My fo$cu$s wa$s o$n sco$ri$ng po$i$nts, no$t ste$a$li$ng o$ffi$ce$ su$ppli$e$s."""
Rivan Parikh,"""I% wa%s lo%cke%d i%n a%n i%nte%nse% che%ss ga%me%. The% o%nly thi%ng I% wa%s ste%a%li%ng we%re% my o%ppo%ne%nt's pi%e%ce%s!"""
Junhui Wen,"""Why ta@ke@ a@ ma@rke@r whe@n I@ wa@s to@o@ bu@sy wi@nni@ng a@t pi@ng po@ng?"""
Kobe Wang,"""I^ spe^nt the^ da^y pla^yi^ng vi^de^o^ ga^me^s. The^ o^nly thi^ng I^ ÃÂsto^le^ÃÂ wa^s vi^cto^ry i^n the^ fi^na^l ro^u^nd."""
Matthew Nguyen,"""I$ wa$s o$u$t pla$yi$ng u$lti$ma$te$ fri$sbe$e$. My ha$nds we$re$ to$o$ bu$sy ca$tchi$ng di$scs to$ ta$ke$ a$nythi$ng e$lse$."""
Fatou Diop,"""Be%twe%e%n ba%ske%tba%ll pra%cti%ce% a%nd ga%mi%ng to%u%rna%me%nts, I% ha%d no% ti%me% to% ste%a%l a% ma%rke%r."""
Chayanika Sinha,"""I@ ha@d a@ vo@lle@yba@ll ma@tch a@fte@r cla@ss. The@ o@nly thi@ng I@ wa@s fo@cu@se@d o@n wa@s spi@ki@ng the@ ba@ll!"""
Arsema Tegegne,"""I^ wa^s a^t the^ a^rca^de^ a^ll da^y. I^f yo^u^ che^ck my re^co^rds, I^ o^nly co^lle^cte^d ga^me^ ti^cke^ts."""
Satvik Jillellamudi,"""I$ wa$s a$t the$ bo$wli$ng a$lle$y. The$ o$nly thi$ng I$ pi$cke$d u$p wa$s a$ stri$ke$!"""
Alessandro De Luca,"""I% ha%d a% fu%ll da%y o%f pra%cti%ce% fo%r o%u%r u%pco%mi%ng spo%rts e%ve%nt. No% ti%me% fo%r di%stra%cti%o%ns!"""
Pavan Mantripragada,"""I@ wa@s to@o@ bu@sy e@njo@yi@ng a@ ga@me@ o@f do@dge@ba@ll. Ma@rke@rs we@re@ the@ la@st thi@ng o@n my mi@nd."""
Eric Ji,"""I^ spe^nt the^ a^fte^rno^o^n swi^mmi^ng la^ps. I^f a^nythi^ng, I^ wa^s to^o^ e^xha^u^ste^d to^ ste^a^l a^nythi^ng!"""
Robert Miller,"""I$ wa$s co$mpe$ti$ng i$n a$n e$Spo$rts to$u$rna$me$nt. My fo$cu$s wa$s o$n se$cu$ri$ng the$ wi$n, no$t o$n ma$rke$rs."""
Soo-jin Han,"""I% spe%nt the% who%le% da%y pla%yi%ng ca%rds wi%th fri%e%nds. My ha%nds we%re% fu%ll o%f a%ce%s, no%t ma%rke%rs."""
Ayush Mishra,"""I@ ha@d fo@o@tba@ll pra@cti@ce@ a@fte@r cla@ss. Why wo@u@ld I@ e@ve@n thi@nk a@bo@u@t ste@a@li@ng a@ ma@rke@r?"""
Mika Persaud,"""I^ spe^nt my fre^e^ ti^me^ a^t the^ ba^tti^ng ca^ge^s. The^ o^nly thi^ng I^ hi^t wa^s ho^me^ ru^ns!"""
Tadanobu Asano,"""I$ wa$s bu$sy co$a$chi$ng a$ li$ttle$ le$a$gu$e$ te$a$m. I$ te$a$ch fa$i$r pla$y, no$t ste$a$li$ng."""
Senthoor Krishnaraju,"""I% wa%s pla%yi%ng so%cce%r a%t the% pa%rk. My fo%cu%s wa%s o%n sco%ri%ng go%a%ls, no%t ste%a%li%ng ma%rke%rs."""
Kenechukwu Ogbogu,"""I@ wa@s a@t my fri@e@nd's pla@ce@ pla@yi@ng bo@a@rd ga@me@s. The@ o@nly thi@ng I@ to@o@k wa@s the@ fi@rst-pla@ce@ ti@tle@!"""
Christopher Su,"""I^ wa^s to^o^ bu^sy pla^yi^ng la^se^r ta^g. I^ wa^s do^dgi^ng la^se^rs, no^t ta^ki^ng ma^rke^rs!"""
Franciszek Pajak,"""We$ ha$d a$ fri$e$ndly fo$o$tba$ll ma$tch. The$ o$nly thi$ng I$ to$o$k wa$s a$ vi$cto$ry!"""
Luis Esparza,"""I% wa%s ra%ci%ng go%-ka%rts wi%th my fri%e%nds. I%f a%nythi%ng, I% sto%le% the% le%a%d i%n the% fi%na%l la%p!"""
Atharv Umap,"""I@ wa@s a@t a@ pa@i@ntba@ll ma@tch. The@ o@nly thi@ng I@ to@o@k wa@s co@ve@r fro@m i@nco@mi@ng sho@ts!"""
Santosh Sureshkumar,"""I^ wa^s pla^yi^ng a^i^r ho^cke^y a^t the^ a^rca^de^. My fo^cu^s wa^s o^n wi^nni^ng, no^t o^n ta^ki^ng ma^rke^rs!"""
Ed Yun,"""I$ wa$s o$u$t a$t di$nne$r wi$th my fa$mi$ly. The$ o$nly thi$ng I$ to$o$k wa$s le$fto$ve$rs!"""
Javier Castillo,"""I% spe%nt the% e%nti%re% e%ve%ni%ng wa%tchi%ng mo%vi%e%s wi%th my pa%re%nts. I% ha%d no% ti%me% fo%r a%nythi%ng e%lse%."""
Sahil Mehta,"""I@ wa@s a@t my co@u@si@n's bi@rthda@y pa@rty. I@f a@nythi@ng, I@ sto@le@ a@ pi@e@ce@ o@f ca@ke@!"""
Shraavan Kandiakounder,"""My fa^mi^ly a^nd I^ ha^d a^ ga^me^ ni^ght a^t ho^me^. Ste^a^li^ng wa^s the^ la^st thi^ng o^n my mi^nd."""
Sai Naraharisetti,"""I$ wa$s o$n a$ ro$a$d tri$p wi$th my fa$mi$ly tha$t da$y. I$ wa$sn't e$ve$n ne$a$r ca$mpu$s!"""
Aidana Aibek Kyzy,"""I% spe%nt my we%e%ke%nd vi%si%ti%ng my gra%ndpa%re%nts. The% o%nly thi%ng I% to%o%k wa%s the%i%r a%dvi%ce%!"""
Olade Kounou,"""I@ wa@s sho@ppi@ng wi@th my mo@m a@ll da@y. I@f yo@u@ che@ck my re@ce@i@pts, ma@rke@rs we@re@n't o@n the@ li@st!"""
Sharmila Tagore,"""I^ wa^s o^u^t fi^shi^ng wi^th my da^d. My o^nly fo^cu^s wa^s ca^tchi^ng fi^sh, no^t ste^a^li^ng ma^rke^rs!"""
Abhyuday Srivatsa,"""I$ ha$d bru$nch wi$th my si$bli$ngs. The$ o$nly thi$ng I$ gra$bbe$d wa$s a$n e$xtra$ sli$ce$ o$f to$a$st!"""
Hong Rui,"""I% wa%s a%t a% fa%mi%ly ga%the%ri%ng. My who%le% da%y wa%s spe%nt e%njo%yi%ng go%o%d fo%o%d a%nd gre%a%t co%mpa%ny."""
Vikas Thoti Reddy,"""I@ spe@nt my we@e@ke@nd a@t the@ a@mu@se@me@nt pa@rk wi@th my fa@mi@ly. My ha@nds we@re@ fu@ll o@f so@u@ve@ni@rs!"""
Zilin Zhang,"""I^ wa^s bu^sy co^o^ki^ng di^nne^r wi^th my pa^re^nts. The^ o^nly thi^ng I^ to^o^k wa^s a^ ta^ste^ te^st!"""
Zichao Liang,"""I$ wa$s o$u$t a$t the$ mo$vi$e$s wi$th my fri$e$nds. My fo$cu$s wa$s o$n the$ fi$lm, no$t o$n ma$rke$rs!"""
Kenneth Swindell,"""I% ha%d a% pi%cni%c wi%th fri%e%nds a%t the% pa%rk. The% o%nly thi%ng I% to%o%k wa%s a% se%lfi%e%!"""
Livia Earl,"""I@ we@nt o@n a@ ro@a@d tri@p wi@th fri@e@nds tha@t da@y. We@ we@re@ to@o@ bu@sy e@xplo@ri@ng ne@w pla@ce@s!"""
Shreya Venkateswaran,"""My fri^e^nds a^nd I^ spe^nt the^ e^ve^ni^ng pla^yi^ng tri^vi^a^. The^ o^nly thi^ng I^ sto^le^ wa^s a^ wi^n!"""
Camila Mendoza,"""I$ wa$s a$t a$ ka$ra$o$ke$ ni$ght wi$th my fri$e$nds. The$ o$nly thi$ng I$ to$o$k wa$s the$ mi$c!"""
Jannik Vestergaard,"""I% wa%s bu%sy hi%ki%ng wi%th my fri%e%nds. My o%nly go%a%l wa%s to% re%a%ch the% to%p, no%t ste%a%l ma%rke%rs!"""
Mueez Chaudhry,"""I@ wa@s o@u@t bo@wli@ng wi@th my fri@e@nds. The@ o@nly thi@ng I@ kno@cke@d do@wn we@re@ the@ pi@ns!"""
Wang Lei,"""My fri^e^nds a^nd I^ we^nt mi^ni^-go^lfi^ng. I^ fo^cu^se^d o^n ge^tti^ng a^ ho^le^-i^n-o^ne^, no^t ta^ki^ng ma^rke^rs!"""
Simon Ambrozak,"""I$ wa$s a$t a$ co$nce$rt tha$t ni$ght. The$ o$nly thi$ng I$ to$o$k wa$s a$ vi$de$o$ o$f my fa$vo$ri$te$ so$ng!"""
Deval Bansal,"""I% ha%d a% sle%e%po%ve%r wi%th fri%e%nds. We% spe%nt the% who%le% ni%ght wa%tchi%ng mo%vi%e%s a%nd pla%yi%ng ga%me%s."""
Jessie Kim,"""I@ wa@s a@t the@ be@a@ch a@ll da@y. My o@nly co@nce@rn wa@s bu@i@ldi@ng the@ pe@rfe@ct sa@ndca@stle@!"""
Isatou Jawara,"""I^ spe^nt the^ a^fte^rno^o^n ro^lle^r-ska^ti^ng wi^th fri^e^nds. I^f I^ to^o^k a^nythi^ng, i^t wa^s a^ fe^w fa^lls!"""
John Smith,"""I$ wa$s a$t the$ zo$o$ wi$th my fa$mi$ly. My fo$cu$s wa$s o$n the$ a$ni$ma$ls, no$t o$n ste$a$li$ng ma$rke$rs!"""
Usopp,"""I% spe%nt the% we%e%ke%nd ca%mpi%ng wi%th my fri%e%nds. The% o%nly thi%ng I% to%o%k wa%s a% bre%a%th o%f fre%sh a%i%r!"""
Li Wei,"""I@ wa@s a@t a@ ca@fÃÂ ca@tchi@ng u@p wi@th fri@e@nds. My ha@nds we@re@ to@o@ bu@sy ho@ldi@ng a@ co@ffe@e@ cu@p!"""
Lucas Silva,"""I^ spe^nt my da^y e^xplo^ri^ng a^ mu^se^u^m wi^th fa^mi^ly. I^f I^ to^o^k a^nythi^ng, i^t wa^s pho^to^s!"""
Ilayda Dogan,"""I$ wa$s bu$sy pra$cti$ci$ng fo$r my cho$i$r pe$rfo$rma$nce$. The$ o$nly thi$ng I$ to$o$k wa$s de$e$p bre$a$ths!"""
Ayush Joshi,"""I% spe%nt ho%u%rs pe%rfe%cti%ng my so%ng fo%r the% re%ci%ta%l. My vo%i%ce% wa%s my o%nly fo%cu%s tha%t da%y."""
Ji-hoon Park,"""I@ wa@s a@t my mu@si@c le@sso@n pra@cti@ci@ng sca@le@s. I@ ba@re@ly ha@d ti@me@ to@ thi@nk a@bo@u@t a@nythi@ng e@lse@."""
Curie Kim,"""I^ wa^s co^mpo^si^ng a^ ne^w so^ng i^n my no^te^bo^o^k. My ha^nds we^re^ to^o^ bu^sy wri^ti^ng lyri^cs, no^t ste^a^li^ng ma^rke^rs!"""
Hyunwoo Jae,"""I$ wa$s i$n the$ mu$si$c stu$di$o$ re$co$rdi$ng. The$ o$nly thi$ng I$ wa$nte$d to$ ste$a$l wa$s the$ pe$rfe$ct no$te$!"""
Sara Griffith,"""I% wa%s a%t a% ka%ra%o%ke% ni%ght wi%th fri%e%nds. The% o%nly thi%ng I% to%o%k wa%s the% mi%cro%pho%ne%!"""
Amanda Benson,"""I@ wa@s re@he@a@rsi@ng my so@lo@ fo@r a@n u@pco@mi@ng sho@w. I@ ha@d no@ ti@me@ to@ e@ve@n thi@nk a@bo@u@t ma@rke@rs!"""
Rachel Taylor,"""I^ wa^s pe^rfo^rmi^ng a^t a^n o^pe^n mi^c ni^ght. I^f a^nythi^ng, I^ sto^le^ the^ a^u^di^e^nce^'s a^tte^nti^o^n!"""
Jeffrey Huang,"""I$ wa$s pla$yi$ng gu$i$ta$r a$ll da$y. My fi$nge$rs we$re$ to$o$ so$re$ fro$m stru$mmi$ng to$ ta$ke$ a$nythi$ng e$lse$!"""
Cody Martinez,"""I% spe%nt the% da%y le%a%rni%ng a% ne%w i%nstru%me%nt. The% o%nly thi%ng I% wa%s fo%cu%se%d o%n wa%s hi%tti%ng the% ri%ght cho%rds!"""
Jamie King,"""I@ wa@s ske@tchi@ng a@ ne@w de@si@gn fo@r my a@rt pro@je@ct. My ha@nds we@re@ fu@ll o@f pe@nci@ls, no@t ma@rke@rs!"""
Angela Hickman,"""I^ spe^nt my a^fte^rno^o^n pa^i^nti^ng. The^ o^nly thi^ng I^ to^o^k wa^s a^ bre^a^k to^ cle^a^n my bru^she^s!"""
Nichole Robinson,"""I$ wa$s wo$rki$ng o$n my di$gi$ta$l a$rt pi$e$ce$. I$f yo$u$ che$ck my re$co$rds, a$ll I$ to$u$che$d wa$s my ta$ble$t!"""
Stacey Small,"""I% ha%d a% li%fe% dra%wi%ng cla%ss tha%t da%y. My o%nly fo%cu%s wa%s pe%rfe%cti%ng pro%po%rti%o%ns, no%t ste%a%li%ng ma%rke%rs!"""
Brian Gibbs,"""I@ wa@s a@t a@n a@rt e@xhi@bi@ti@o@n ge@tti@ng i@nspi@re@d. The@ o@nly thi@ng I@ to@o@k wa@s pho@to@s o@f the@ ma@ste@rpi@e@ce@s!"""
Deborah Sanchez,"""I^ wa^s cra^fti^ng a^ scu^lptu^re^. My ha^nds we^re^ to^o^ co^ve^re^d i^n cla^y to^ pi^ck u^p a^nythi^ng e^lse^!"""
Zachary Gonzales,"""I$ wa$s de$si$gni$ng a$ ne$w lo$go$ fo$r my pro$je$ct. The$ o$nly thi$ng I$ sto$le$ wa$s ti$me$ fro$m my bu$sy sche$du$le$!"""
William Tucker,"""I% wa%s bu%sy do%o%dli%ng i%n my ske%tchbo%o%k. I% ha%ve% my o%wn su%ppli%e%sÃÂwhy wo%u%ld I% ne%e%d so%me%o%ne% e%lse%'s ma%rke%rs?"""
Tammy Wiley,"""I@ wa@s me@di@ta@ti@ng to@ re@li@e@ve@ stre@ss. Ste@a@li@ng do@e@sn't a@li@gn wi@th my pe@a@ce@ o@f mi@nd."""
Mary Mendoza,"""I^ wa^s a^t yo^ga^ cla^ss fo^cu^si^ng o^n mi^ndfu^lne^ss. The^ o^nly thi^ng I^ to^o^k wa^s a^ de^e^p bre^a^th!"""
David Collins,"""I$ wa$s a$t the$ li$bra$ry pre$pa$ri$ng fo$r a$n e$xa$m. I$ ha$d no$ ti$me$ to$ be$ a$nywhe$re$ e$lse$!"""
Monkey D Luffy,"""Su%m the% i%ndi%vi%du%a%l #s i%n ti%cke%t nu%mbe%rs, lo%o%k a%t the% ri%ghtmo%st va%lu%e%, 0-2:B, 3-5:R , 6-7:G, 8-9:Y"""
Heather Lewis,"""I@ spe@nt my e@ve@ni@ng pra@cti@ci@ng a@ ne@w da@nce@ ro@u@ti@ne@. My o@nly co@nce@rn wa@s hi@tti@ng the@ ri@ght mo@ve@s!"""
William Jones,"""Wi^th mu^lti^ple^ e^xa^ms tha^t da^y, my stre^ss le^ve^ls we^re^ a^lre^a^dy o^ve^rwhe^lmi^ng. I^ di^dn't ha^ve^ ti^me^ to^ thi^nk a^bo^u^t a^nythi^ng e^lse^."""
Anna Moore,"""Ba$la$nci$ng a$ca$de$mi$c de$a$dli$ne$s a$nd me$nta$l he$a$lth i$s ha$rd e$no$u$gh. Wo$rryi$ng a$bo$u$t ma$rke$rs i$s no$t so$me$thi$ng I$'d e$ve$r do$."""
Carrie Jones,"""Ma%na%gi%ng my wo%rklo%a%d ha%s be%e%n e%xha%u%sti%ng. I% do%n't ne%e%d u%nne%ce%ssa%ry a%ccu%sa%ti%o%ns a%ddi%ng to% my me%nta%l stra%i%n."""
Helen Knight,"""Ju@ggli@ng e@xa@ms a@nd co@u@rse@wo@rk le@a@ve@s no@ ti@me@ fo@r di@stra@cti@o@ns. The@ la@st thi@ng I@ wo@u@ld do@ i@s ste@a@l a@ ma@rke@r."""
Linda Ellis,"""I^ wa^s bu^ri^e^d u^nde^r e^xa^m stre^ss. Why wo^u^ld I^ ri^sk my a^ca^de^mi^c i^nte^gri^ty fo^r so^me^thi^ng so^ i^nsi^gni^fi^ca^nt?"""
Juan Thornton,"""I$ ba$re$ly ha$d e$no$u$gh e$ne$rgy to$ ge$t thro$u$gh my e$xa$ms. The$ tho$u$ght o$f ste$a$li$ng ne$ve$r cro$sse$d my mi$nd."""
Sandra Williams,"""Me%nta%l fa%ti%gu%e% fro%m my co%u%rse%wo%rk i%s a%lre%a%dy dra%i%ni%ng. I% do%n't ne%e%d e%xtra% stre%ss o%ve%r fa%lse% a%ccu%sa%ti%o%ns."""
James Moore,"""I@ ha@ve@ e@no@u@gh re@spo@nsi@bi@li@ti@e@s o@n my pla@te@. Ste@a@li@ng so@me@thi@ng tri@vi@a@l wo@u@ld no@t be@ne@fi@t me@ i@n a@ny wa@y."""
Steven Gonzalez,"""I^ wa^s me^nta^lly e^xha^u^ste^d fro^m stu^dyi^ng. The^ i^de^a^ o^f ste^a^li^ng a^ ma^rke^r i^s ju^st a^bsu^rd."""
Carlos Caldwell,"""Wo$rklo$a$d pre$ssu$re$ a$ffe$cts my me$nta$l we$ll-be$i$ng. I$ fo$cu$s o$n co$mple$ti$ng my ta$sks, no$t o$n ta$ki$ng so$me$thi$ng tha$t i$sn't mi$ne$."""
Joshua Richardson,"""I% wa%s so% me%nta%lly dra%i%ne%d tha%t da%y. The% la%st thi%ng I% wo%u%ld ha%ve% ca%re%d a%bo%u%t wa%s a% ma%rke%r."""
Rachel Paul,"""Be@twe@e@n cla@sse@s a@nd re@se@a@rch, I@ ba@re@ly ha@ve@ ti@me@ to@ ta@ke@ ca@re@ o@f myse@lf. Ste@a@li@ng i@s u@nne@ce@ssa@ry."""
Melissa Perez,"""I^ ha^ve^ my o^wn su^ppli^e^s a^nd ple^nty o^f wo^rri^e^s a^lre^a^dy. I^ do^n't ne^e^d to^ ta^ke^ a^nythi^ng fro^m o^the^rs."""
Amanda Crawford,"""Ste$a$li$ng go$e$s a$ga$i$nst my pri$nci$ple$s. I$ ha$ve$ fa$r to$o$ mu$ch to$ ha$ndle$ to$ e$ve$n e$nte$rta$i$n su$ch tho$u$ghts."""
Justin Reed,"""My a%ca%de%mi%c wo%rklo%a%d i%s o%ve%rwhe%lmi%ng. I% pri%o%ri%ti%ze% my me%nta%l he%a%lth, a%nd ste%a%li%ng i%s no%t so%me%thi%ng I% wo%u%ld e%ve%r do%."""
Lauren Johnson,"""Wi@th e@ve@rythi@ng I@ ha@ve@ to@ ju@ggle@, my me@nta@l he@a@lth i@s a@lre@a@dy a@t ri@sk. I@ wo@u@ldn't wa@ste@ ti@me@ o@n thi@s."""
Jeffrey Park,"""I^ wa^sn't e^ve^n o^n ca^mpu^s tha^t da^y. My fo^cu^s wa^s o^n co^u^rse^wo^rk, a^nd I^ ha^d no^ re^a^so^n to^ be^ i^nvo^lve^d."""
Alison Reed,"""My stre$ss le$ve$ls we$re$ a$lre$a$dy a$t the$i$r pe$a$k. I$ wa$sn't e$ve$n thi$nki$ng a$bo$u$t ma$rke$rs o$r a$nythi$ng u$nre$la$te$d to$ my e$xa$ms."""
Adam Little,"""Re%se%a%rch re%qu%i%re%s a%bso%lu%te% de%di%ca%ti%o%n, le%a%vi%ng no% ro%o%m fo%r po%i%ntle%ss di%stra%cti%o%ns li%ke% ste%a%li%ng o%ffi%ce% su%ppli%e%s."""
Eric Johnson,"""The@ pre@ssu@re@ o@f pu@bli@shi@ng re@se@a@rch pa@pe@rs o@u@twe@i@ghs a@ny po@ssi@ble@ be@ne@fi@t o@f ste@a@li@ng che@a@p ma@rke@rs."""
Eric Kim,"""Wo^rki^ng thro^u^gh co^mpli^ca^te^d re^se^a^rch da^ta^ ma^ke^s ste^a^li^ng a^nythi^ng se^e^m e^nti^re^ly fo^o^li^sh a^nd po^i^ntle^ss to^ me^."""
Victor Petty,"""My re$se$a$rch re$spo$nsi$bi$li$ti$e$s a$re$ e$xha$u$sti$ng e$no$u$gh wi$tho$u$t ne$e$di$ng to$ wo$rry a$bo$u$t ste$a$li$ng ma$rke$rs."""
Benjamin Wilson,"""A%ca%de%mi%c wo%rk i%s a%lre%a%dy stre%ssfu%l, so% a%ddi%ng the%ft to% my wo%rri%e%s wo%u%ld be% co%mple%te%ly u%nne%ce%ssa%ry."""
Jason King,"""Re@se@a@rch ta@ke@s u@p my e@nti@re@ da@y, so@ why wo@u@ld I@ e@ve@n co@nsi@de@r ste@a@li@ng ma@rke@rs?"""
Anthony Edwards,"""The^ i^nte^nsi^ty o^f my re^se^a^rch pre^ve^nts me^ fro^m e^ve^n thi^nki^ng a^bo^u^t ste^a^li^ng a^nythi^ng u^nne^ce^ssa^ry."""
Julie Lester,"""I$ spe$nd so$ ma$ny ho$u$rs i$n re$se$a$rch tha$t ste$a$li$ng ma$rke$rs wo$u$ld be$ co$mple$te$ly i$rre$le$va$nt."""
Paul Horton,"""Re%se%a%rch re%qu%i%re%s pre%ci%si%o%n a%nd ho%ne%sty, so% I% wo%u%ld ne%ve%r ri%sk my wo%rk by ste%a%li%ng a%nythi%ng."""
Gregory Trevino,"""I@ a@m to@o@ bu@sy wi@th re@se@a@rch fi@ndi@ngs to@ co@nce@rn myse@lf wi@th so@me@thi@ng a@s si@lly a@s ste@a@li@ng."""
Chad English,"""La^te^ ni^ghts i^n the^ la^b me^a^n I^ do^n't ha^ve^ ti^me^ to^ ste^a^l a^nythi^ng a^nywa^y."""
Miss Taylor Garcia,"""Me$? Ste$a$l? Tha$t go$e$s a$ga$i$nst my va$lu$e$s e$nti$re$ly. I$ a$lwa$ys re$spe$ct o$the$rs' be$lo$ngi$ngs, e$spe$ci$a$lly Dr. Fa$rdi$na$'s."""
Jordan Rasmussen,"""I% co%u%ld ne%ve%r ste%a%l. I%t's si%mply no%t who% I% a%m. I% re%spe%ct Dr. Fa%rdi%na%'s pro%pe%rty."""
Dr. Melinda Ayala,"""Why wo@u@ld I@ ste@a@l a@ ma@rke@r whe@n I@ a@lre@a@dy ha@ve@ mo@re@ tha@n e@no@u@gh? Thi@s a@ccu@sa@ti@o@n i@s ri@di@cu@lo@u@s."""
Alexander Allen,"""I^ ha^d mu^lti^ple^ e^xa^ms tha^t da^y. Ta^ki^ng Dr. Fa^rdi^na^'s ma^rke^r ne^ve^r e^ve^n cro^sse^d my mi^nd!"""
Gregory Kennedy,"""Ba$ck-to$-ba$ck te$sts co$nsu$me$d my e$nti$re$ da$y. The$re$'s no$ wa$y I$ wo$u$ld wa$ste$ ti$me$ ste$a$li$ng a$ ma$rke$r."""
Steven Brown,"""I% wa%s fu%lly o%ccu%pi%e%d wi%th e%xa%ms tha%t da%y. Ste%a%li%ng so%me%thi%ng wa%s the% la%st thi%ng o%n my mi%nd!"""
Christina Obrien,"""I@ di@dn't e@ve@n ha@ve@ a@ bre@a@k tha@t da@y be@ca@u@se@ o@f e@xa@ms. Why wo@u@ld I@ ta@ke@ a@ ma@rke@r?"""
Aaron Weber,"""I^ ha^d to^o^ mu^ch o^n my pla^te^ wi^th e^xa^ms. I^ di^dn't ha^ve^ ti^me^ fo^r a^nythi^ng e^lse^."""
Jennifer Mueller,"""I$ wa$sn't e$ve$n pre$se$nt o$n ca$mpu$s tha$t da$y. I$f yo$u$ che$ck a$tte$nda$nce$, yo$u$ wo$n't fi$nd my na$me$."""
Jane Smith,"""I% ha%d no%n-sto%p e%xa%ms sche%du%le%d, a%nd my fo%cu%s wa%s o%n pa%ssi%ng the%m, no%t ste%a%li%ng a% ma%rke%r."""
Christopher Walker,"""Ste@a@li@ng? Tha@t's the@ o@ppo@si@te@ o@f who@ I@ a@m. I@ re@spe@ct o@the@r pe@o@ple@'s be@lo@ngi@ngs, i@nclu@di@ng Dr. Fa@rdi@na@'s."""
Mark Smith,"""I^ do^n't ne^e^d to^ ste^a^l ma^rke^rs; I^ a^lre^a^dy ha^ve^ ple^nty. Thi^s a^ccu^sa^ti^o^n ma^ke^s no^ se^nse^ a^t a^ll."""
Jamie West,"""I$'m fu$lly sto$cke$d wi$th my o$wn ma$rke$rs. Why wo$u$ld I$ ta$ke$ o$ne$ tha$t do$e$sn't be$lo$ng to$ me$?"""
Laura Davis,"""I% ha%d to%o% mu%ch a%ca%de%mi%c pre%ssu%re% tha%t da%y. Ste%a%li%ng wa%s the% la%st thi%ng I% wo%u%ld thi%nk a%bo%u%t."""
Michael Lee,"""Be@twe@e@n e@xa@ms a@nd stu@dyi@ng, I@ ha@d no@ ti@me@ to@ wo@rry a@bo@u@t a@nythi@ng e@lse@, le@t a@lo@ne@ ste@a@l."""
Alan Blackwell,"""I^ wa^s bu^sy wi^th my fi^na^l pro^je^ct pre^se^nta^ti^o^n i^n a^no^the^r bu^i^ldi^ng. I^ ne^ve^r e^ve^n e^nte^re^d Dr. Fa^rdi^na^'s ro^o^m."""
Micheal Hudson,"""The$ who$le$ da$y, I$ wa$s wo$rki$ng o$n my pro$je$ct pre$se$nta$ti$o$n e$lse$whe$re$. I$ ne$ve$r we$nt ne$a$r tha$t ro$o$m."""
Amy Murphy,"""I% wa%s ti%e%d u%p pre%se%nti%ng my pro%je%ct i%n a%no%the%r pa%rt o%f ca%mpu%s. I% wa%sn't e%ve%n clo%se% to% Dr. Fa%rdi%na%'s o%ffi%ce%."""
Brooke Pace,"""I@ do@n't be@li@e@ve@ i@n ste@a@li@ng. I@ a@lwa@ys re@spe@ct o@the@rs' pro@pe@rty, a@nd Dr. Fa@rdi@na@'s i@s no@ e@xce@pti@o@n."""
Jose Black,"""Why wo^u^ld I^ ne^e^d to^ ta^ke^ a^ ma^rke^r? I^ ha^ve^ my o^wn su^pply a^lre^a^dy."""
Miguel Day,"""I$ wa$s no$whe$re$ ne$a$r tha$t lo$ca$ti$o$n. My e$nti$re$ da$y wa$s o$ccu$pi$e$d wi$th my pre$se$nta$ti$o$n a$nd wo$rk e$lse$whe$re$."""
Gary Phillips,"""Ta%ki%ng so%me%thi%ng tha%t do%e%sn't be%lo%ng to% me% i%s no%t i%n my na%tu%re%. I% hi%ghly re%spe%ct o%the%r pe%o%ple%'s be%lo%ngi%ngs."""
Jennifer Robinson,"""Ste@a@li@ng i@sn't so@me@thi@ng I@'d e@ve@r co@nsi@de@r. I@ re@spe@ct my pro@fe@sso@rs a@nd the@i@r pro@pe@rty, e@spe@ci@a@lly Dr. Fa@rdi@na@'s."""
Andrea Murphy,"""Thi^s a^ccu^sa^ti^o^n i^s ba^se^le^ss. I^ ha^d mo^re^ tha^n e^no^u^gh go^i^ng o^n tha^t da^y to^ e^ve^n thi^nk a^bo^u^t ste^a^li^ng."""
Wesley Terry,"""I$ ha$d e$xa$ms the$ e$nti$re$ da$y, whi$ch le$ft no$ o$ppo$rtu$ni$ty to$ ste$a$l a$nythi$ng a$t a$ll."""
Susan Holland,"""Ma%rke%rs? I% ha%ve% ple%nty a%t ho%me%. I% wo%u%ld ne%ve%r ta%ke% so%me%thi%ng tha%t wa%sn't mi%ne%."""
Richard Whitney,"""I@ ne@ve@r ste@a@l. I@ re@spe@ct e@ve@ryo@ne@'s be@lo@ngi@ngs, a@nd Dr. Fa@rdi@na@'s i@s ce@rta@i@nly no@ e@xce@pti@o@n to@ tha@t."""
Christopher Rodriguez,"""I^ do^n't ta^ke^ thi^ngs tha^t a^re^n't mi^ne^. I^ ha^ve^ no^ re^a^so^n to^ ste^a^l a^nythi^ng fro^m a^nyo^ne^."""
Martin Peters,"""The$re$'s no$ lo$gi$ca$l re$a$so$n fo$r me$ to$ ste$a$l so$me$thi$ng so$ tri$vi$a$l. I$ ha$ve$ no$ ne$e$d fo$r i$t."""
Richard Valdez,"""I% wa%s bu%sy wi%th my pro%je%ct pre%se%nta%ti%o%n i%n a%no%the%r bu%i%ldi%ng. I% di%dn't e%ve%n ste%p i%nto% Dr. Fa%rdi%na%'s ro%o%m."""
Melinda Novak,"""Re@se@a@rch ke@e@ps me@ o@ccu@pi@e@d e@ve@ry si@ngle@ da@y, ma@ki@ng ste@a@li@ng co@mple@te@ly u@nne@ce@ssa@ry a@nd a@ po@i@ntle@ss di@stra@cti@o@n."""
Anita Young,"""Lo^ng ho^u^rs i^n re^se^a^rch ma^ke^ ste^a^li^ng ma^rke^rs the^ le^a^st i^mpo^rta^nt thi^ng o^n my mi^nd."""
Brandon Frank,"""My re$se$a$rch de$ma$nds fo$cu$s, e$ffo$rt, a$nd e$ne$rgy, so$ ste$a$li$ng so$me$thi$ng so$ tri$vi$a$l wo$u$ld be$ ri$di$cu$lo$u$s."""
Tiffany Fisher,"""E%xpe%ri%me%nts, a%na%lysi%s, a%nd re%po%rts co%nsu%me% a%ll my ti%me%, ma%ki%ng the%ft co%mple%te%ly u%nne%ce%ssa%ry a%nd fo%o%li%sh."""
Paul Mejia DDS,"""I@ spe@nd to@o@ mu@ch ti@me@ o@n re@se@a@rch pa@pe@rs to@ wa@ste@ a@ny e@ffo@rt o@n ste@a@li@ng ma@rke@rs."""
Michael Edwards,"""Re^se^a^rch de^a^dli^ne^s a^nd a^ca^de^mi^c wo^rk le^a^ve^ no^ o^ppo^rtu^ni^ty fo^r ste^a^li^ng o^r di^stra^cti^o^ns o^f a^ny ki^nd."""
Gabriel Vincent,"""Why wo$u$ld I$ ste$a$l ma$rke$rs whe$n my re$se$a$rch sche$du$le$ ba$re$ly a$llo$ws ti$me$ fo$r a$nythi$ng e$lse$?"""
Steven Cisneros,"""My re%se%a%rch wo%rklo%a%d i%s o%ve%rwhe%lmi%ng e%no%u%gh tha%t ste%a%li%ng so%me%thi%ng i%nsi%gni%fi%ca%nt do%e%s no%t e%ve%n cro%ss my mi%nd."""
Hailey Park,"""E@ve@ry mo@me@nt i@n re@se@a@rch i@s de@ma@ndi@ng, so@ I@ ha@ve@ no@ re@a@so@n to@ thi@nk a@bo@u@t ste@a@li@ng."""
Cynthia Obrien,"""The^ stre^ss o^f re^se^a^rch pro^je^cts ma^ke^s ste^a^li^ng ma^rke^rs po^i^ntle^ss a^nd a^n u^nne^ce^ssa^ry ri^sk to^ ta^ke^."""
Amanda Montes,"""I$ a$m dro$wni$ng i$n re$se$a$rch ta$sks, ma$ki$ng the$ft a$n i$llo$gi$ca$l a$nd i$rra$ti$o$na$l di$stra$cti$o$n fo$r me$."""
Jeffrey Short,"""Re%se%a%rch co%nsu%me%s a%ll my ti%me%, a%nd I% ca%nno%t a%ffo%rd to% wa%ste% e%ffo%rt o%n ste%a%li%ng."""
Kevin Washington,"""Ste@a@li@ng wo@u@ld o@nly a@dd stre@ss to@ my a@lre@a@dy di@ffi@cu@lt re@se@a@rch sche@du@le@ a@nd e@ndle@ss re@spo@nsi@bi@li@ti@e@s."""
Autumn Greer,"""Be^twe^e^n re^se^a^rch de^a^dli^ne^s a^nd li^te^ra^tu^re^ re^vi^e^ws, I^ ha^ve^ no^ e^ne^rgy to^ wa^ste^ o^n ste^a^li^ng a^nythi^ng."""
Denise Rodriguez,"""I$ a$m bu$ri$e$d i$n re$se$a$rch, so$ ste$a$li$ng ma$rke$rs wo$u$ld be$ bo$th i$mpra$cti$ca$l a$nd co$mple$te$ly u$nne$ce$ssa$ry."""
James Hansen,"""E%ve%ry da%y i%s fi%lle%d wi%th re%se%a%rch cha%lle%nge%s, ma%ki%ng i%t a%bsu%rd to% co%nsi%de%r ste%a%li%ng so%me%thi%ng u%se%le%ss."""
Kathryn Turner,"""Re@se@a@rch re@qu@i@re@s a@bso@lu@te@ de@di@ca@ti@o@n, le@a@vi@ng no@ ro@o@m fo@r po@i@ntle@ss di@stra@cti@o@ns li@ke@ ste@a@li@ng o@ffi@ce@ su@ppli@e@s."""
Catherine Perry,"""The^ pre^ssu^re^ o^f pu^bli^shi^ng re^se^a^rch pa^pe^rs o^u^twe^i^ghs a^ny po^ssi^ble^ be^ne^fi^t o^f ste^a^li^ng che^a^p ma^rke^rs."""
Charles Jones,"""Wo$rki$ng thro$u$gh co$mpli$ca$te$d re$se$a$rch da$ta$ ma$ke$s ste$a$li$ng a$nythi$ng se$e$m e$nti$re$ly fo$o$li$sh a$nd po$i$ntle$ss to$ me$."""
Sandra Tyler,"""My re%se%a%rch re%spo%nsi%bi%li%ti%e%s a%re% e%xha%u%sti%ng e%no%u%gh wi%tho%u%t ne%e%di%ng to% wo%rry a%bo%u%t ste%a%li%ng ma%rke%rs."""
Amanda Kent,"""A@ca@de@mi@c wo@rk i@s a@lre@a@dy stre@ssfu@l, so@ a@ddi@ng the@ft to@ my wo@rri@e@s wo@u@ld be@ co@mple@te@ly u@nne@ce@ssa@ry."""
Debra Hurst,"""Re^se^a^rch ta^ke^s u^p my e^nti^re^ da^y, so^ why wo^u^ld I^ e^ve^n co^nsi^de^r ste^a^li^ng ma^rke^rs?"""
Anna Keller,"""The$ i$nte$nsi$ty o$f my re$se$a$rch pre$ve$nts me$ fro$m e$ve$n thi$nki$ng a$bo$u$t ste$a$li$ng a$nythi$ng u$nne$ce$ssa$ry."""
Jacqueline Huerta,"""I% spe%nd so% ma%ny ho%u%rs i%n re%se%a%rch tha%t ste%a%li%ng ma%rke%rs wo%u%ld be% co%mple%te%ly i%rre%le%va%nt."""
David Anderson,"""Re@se@a@rch re@qu@i@re@s pre@ci@si@o@n a@nd ho@ne@sty, so@ I@ wo@u@ld ne@ve@r ri@sk my wo@rk by ste@a@li@ng a@nythi@ng."""
Ryan Adams,"""I^ a^m to^o^ bu^sy wi^th re^se^a^rch fi^ndi^ngs to^ co^nce^rn myse^lf wi^th so^me^thi^ng a^s si^lly a^s ste^a^li^ng."""
Alfred Munoz,"""La$te$ ni$ghts i$n the$ la$b me$a$n I$ do$n't ha$ve$ ti$me$ to$ ste$a$l a$nythi$ng a$nywa$y."""
Dawn Smith,"""Ste%a%li%ng a%nythi%ng wo%u%ld ma%ke% no% se%nse% whe%n I%'m stru%ggli%ng to% co%mple%te% my re%se%a%rch de%a%dli%ne%s."""
Stephanie Lam,"""Be@twe@e@n da@ta@ co@lle@cti@o@n a@nd a@na@lysi@s, I@ ha@ve@ no@ i@nte@re@st i@n wa@sti@ng ti@me@ o@n the@ft."""
Gregory Chung,"""My re^se^a^rch o^bli^ga^ti^o^ns a^re^ o^ve^rwhe^lmi^ng, so^ I^ wo^u^ld ne^ve^r ri^sk u^nne^ce^ssa^ry di^stra^cti^o^ns li^ke^ ste^a^li^ng ma^rke^rs."""
Christina Malone,"""I$ ha$d ba$ck-to$-ba$ck e$xa$ms tha$t da$y. Ste$a$li$ng Dr. Fa$rdi$na$'s ma$rke$r wo$u$ld be$ the$ la$st thi$ng o$n my mi$nd!"""
Larry Walter,"""Thre%e% e%xa%ms ba%ck-to%-ba%ck-no% o%ppo%rtu%ni%ty to% ste%a%l. Re%vi%e%w the% re%gi%stra%r's re%co%rds; the%y'll co%nfi%rm my sche%du%le%."""
Chelsea Woods,"""I@ wa@s ca@li@bra@ti@ng la@b e@qu@i@pme@nt a@ll da@y. Se@cu@ri@ty fo@o@ta@ge@ wi@ll sho@w I@ ne@ve@r le@ft the@ pre@mi@se@s."""
Dr. Diana Stafford,"""My e^ngi^ne^e^ri^ng pro^je^ct o^ccu^pi^e^d me^ e^nti^re^ly. Co^lle^a^gu^e^s co^nfi^rm I^ wa^sn't ne^a^r Dr. Fa^rdi^na^'s ro^o^m."""
Bethany Meyer,"""Fo$u$r mi$dte$rms dra$i$ne$d me$. The$ft i$s i$mpo$ssi$ble$ u$nde$r su$ch stre$ss. Cro$ss-che$ck my sche$du$le$ wi$th lo$gs."""
Penny Thompson,"""Ba%ck-to%-ba%ck e%xa%ms le%ft no% fre%e% ti%me%. Ste%a%li%ng re%qu%i%re%s e%ne%rgy I% la%cke%d. Ve%ri%fy wi%th a%ca%de%mi%c re%co%rds."""
Emma Wilkerson,"""I@ ha@ve@ no@ ne@e@d fo@r sto@le@n ma@rke@rs. Thi@s a@ccu@sa@ti@o@n i@s a@bsu@rd. Fo@cu@s o@n cre@di@ble@ su@spe@cts."""
Kristin Mendoza,"""Why ste^a^l whe^n I^ o^wn qu^a^li^ty su^ppli^e^s? Re^di^re^ct yo^u^r e^ffo^rts to^ so^me^o^ne^ wi^tho^u^t a^n a^li^bi^."""
Jeffrey Villa,"""I$ pre$se$nte$d my a$pp pro$to$type$ i$n the$ te$ch hu$b. Wi$tne$sse$s co$nfi$rm I$ ne$ve$r le$ft the$ de$mo$ a$re$a$."""
Rhonda Carey,"""Ste%a%li%ng i%s a%ga%i%nst my pri%nci%ple%s. Dr. Fa%rdi%na%'s be%lo%ngi%ngs a%re% sa%fe% wi%th me%. Ce%a%se% the%se% a%ccu%sa%ti%o%ns."""
Pamela Smith,"""My physi@cs e@xpe@ri@me@nt ra@n no@nsto@p. Se@cu@ri@ty lo@gs co@nfi@rm I@ wa@sn't ne@a@r the@ cri@me@ sce@ne@."""
Amanda Anderson,"""I^ wa^s tro^u^ble^sho^o^ti^ng se^rve^rs i^n the^ I^T de^pa^rtme^nt. Lo^gs a^nd co^lle^a^gu^e^s co^nfi^rm my a^bse^nce^ e^lse^whe^re^."""
Katelyn Lowe,"""Thre$e$ e$xa$ms co$nsu$me$d my da$y. The$ft re$qu$i$re$s ti$me$ I$ di$dn't ha$ve$. Che$ck a$ca$de$mi$c re$co$rds."""
LeBron James,"""Fo%rgi%ve% me% su%nshi%ne%. The% ma%rke%rs we%re% ju%st to%o% da%ng co%o%l. Whi%ch co%u%rt do% I% go%, ba%ske%tba%ll o%r ju%di%ci%a%l?"""
Amanda Brown,"""I@nte@gri@ty de@fi@ne@s me@. Ste@a@li@ng fro@m Dr. Fa@rdi@na@? U@nthi@nka@ble@. Thi@s a@ccu@sa@ti@o@n da@ma@ge@s my re@pu@ta@ti@o@n u@nfa@i@rly."""
Joanna Walker,"""I^ o^wn ple^nty o^f ma^rke^rs. The^ft i^s i^rra^ti^o^na^l. Sto^p wa^sti^ng ti^me^ a^nd i^nve^sti^ga^te^ pro^pe^rly."""
Margaret Miller,"""Fo$u$r mi$dte$rms ba$ck-to$-ba$ck-no$ cha$nce$ to$ ste$a$l. Ve$ri$fy wi$th the$ re$gi$stra$r's o$ffi$ce$; the$y'll co$nfi$rm my sche$du$le$."""
Daniel Hardy,"""Ste%a%li%ng vi%o%la%te%s my co%re% va%lu%e%s. Dr. Fa%rdi%na%'s tru%st i%s pa%ra%mo%u%nt. Re%di%re%ct yo%u%r i%nve%sti%ga%ti%o%n e%lse%whe%re%."""
Michael Archer,"""Why ri@sk my a@ca@de@mi@c sta@ndi@ng? I@ ha@ve@ my o@wn ma@rke@rs. Thi@s a@ccu@sa@ti@o@n i@s la@zy de@te@cti@ve@ wo@rk."""
Tara Bartlett,"""E^thi^ca^l co^ndu^ct gu^i^de^s me^. Ste^a^li^ng i^s be^ne^a^th me^. Ce^a^se^ the^se^ ba^se^le^ss cla^i^ms a^nd fi^nd the^ thi^e^f."""
Elizabeth Brown,"""I$ wa$s bu$sy pre$se$nti$ng my the$si$s i$n fro$nt o$f the$ Wo$rld He$a$lth O$rga$ni$za$ti$o$n. Ho$w da$re$ I$ ge$t a$ccu$se$d o$f ste$a$li$ng."""
Amber Woodward,"""I% wa%s bu%sy wi%th my pro%je%ct pre%se%nta%ti%o%n i%n a%no%the%r bu%i%ldi%ng. I% di%dn't e%ve%n ste%p i%nto% Dr. Fa%rdi%na%'s ro%o%m."""
Tyler Thomas,"""I@ ha@ve@ be@e@n i@ncre@di@bly bu@sy a@ll da@y ha@ndli@ng mu@lti@ple@ pro@je@cts a@nd me@e@ti@ngs, co@nsta@ntly wo@rki@ng no@nsto@p. Why wo@u@ld I@ ste@a@l ma@rke@rs?"""
Harold Watkins,"""My sche^du^le^ ha^s be^e^n pa^cke^d wi^th e^ndle^ss de^a^dli^ne^s, e^ma^i^ls, a^nd ca^lls, le^a^vi^ng no^ ti^me^ fo^r di^stra^cti^o^ns. I^ wo^u^ld ne^ve^r ste^a^l a^nythi^ng."""
Joel Maxwell,"""Ma$na$gi$ng ta$sks, me$e$ti$ngs, a$nd u$ne$xpe$cte$d re$spo$nsi$bi$li$ti$e$s ha$s co$nsu$me$d my e$nti$re$ da$y, le$a$vi$ng me$ e$xha$u$ste$d. I$ ha$ve$ no$ re$a$so$n to$ ta$ke$ ma$rke$rs."""
Cheryl Lambert,"""Ju%ggli%ng wo%rk, pe%rso%na%l e%rra%nds, a%nd u%rge%nt pro%je%cts ha%s be%e%n o%ve%rwhe%lmi%ng, ke%e%pi%ng me% o%ccu%pi%e%d a%ll da%y lo%ng. Ste%a%li%ng ma%rke%rs ma%ke%s no% se%nse%."""
Teresa Maldonado,"""E@ve@ry ho@u@r to@da@y ha@s be@e@n bo@o@ke@d wi@th i@mpo@rta@nt wo@rk, a@nd I@ ba@re@ly ha@d ti@me@ to@ thi@nk. Why wo@u@ld I@ ste@a@l ma@rke@rs?"""
Joseph Jackson,"""I^ ha^ve^ be^e^n swa^mpe^d wi^th re^spo^nsi^bi^li^ti^e^s, u^na^ble^ to^ fo^cu^s o^n a^nythi^ng o^u^tsi^de^ o^f my wo^rk. I^ do^n't e^ve^n ne^e^d ma^rke^rs."""
Jared Campos,"""Wi$th ba$ck-to$-ba$ck me$e$ti$ngs, de$a$dli$ne$s, a$nd ta$sks, my mi$nd ha$s be$e$n co$mple$te$ly pre$o$ccu$pi$e$d. I$ wo$u$ld no$t wa$ste$ ti$me$ ste$a$li$ng ma$rke$rs."""
Gregory Thompson,"""To%da%y ha%s be%e%n no%n-sto%p, ha%ndli%ng i%mpo%rta%nt pri%o%ri%ti%e%s wi%tho%u%t a% bre%a%k to% e%ve%n re%la%x. Why wo%u%ld I% ta%ke% so%me%thi%ng u%nne%ce%ssa%ry?"""
Travis Gross,"""My e@nti@re@ fo@cu@s ha@s be@e@n o@n co@mple@ti@ng hi@gh-pri@o@ri@ty wo@rk wi@tho@u@t di@stra@cti@o@ns. I@ wo@u@ld ne@ve@r ta@ke@ ma@rke@rs wi@tho@u@t pe@rmi@ssi@o@n."""
Diana Miller,"""Fro^m mo^rni^ng u^nti^l no^w, I^ ha^ve^ be^e^n de^e^ply i^nvo^lve^d i^n wo^rk, o^ve^rwhe^lme^d wi^th du^ti^e^s. I^ do^ no^t ste^a^l."""
Ronald Jackson,"""Be$i$ng bu$sy ha$s ke$pt me$ fro$m e$ve$n no$ti$ci$ng sma$ll thi$ngs a$ro$u$nd me$. Ma$rke$rs a$re$ no$t my co$nce$rn."""
Hailey Sanchez,"""I% ha%ve% spe%nt the% e%nti%re% da%y me%e%ti%ng de%a%dli%ne%s, co%mple%te%ly a%bso%rbe%d i%n pro%du%cti%vi%ty. Why wo%u%ld I% ta%ke% ma%rke%rs?"""
Jason Wright,"""The@re@ i@s no@ wa@y I@ co@u@ld ha@ve@ sto@le@n a@nythi@ng whe@n I@ ba@re@ly le@ft my de@sk. I@ di@d no@t ta@ke@ the@m."""
Sandra Weaver,"""To^da^y ha^s be^e^n pa^cke^d wi^th u^rge^nt re^spo^nsi^bi^li^ti^e^s, le^a^vi^ng me^ no^ ti^me^ fo^r a^nythi^ng e^lse^. I^ ha^ve^ no^ ne^e^d fo^r ma^rke^rs."""
Michele Brennan,"""My ha$nds ha$ve$ be$e$n fu$ll wi$th i$mpo$rta$nt o$bli$ga$ti$o$ns, ke$e$pi$ng me$ e$nga$ge$d a$nd pro$du$cti$ve$. I$ wo$u$ld ne$ve$r ste$a$l a$nythi$ng."""
Jeremy Garcia,"""I% wa%s bu%sy wi%th my pro%je%ct pre%se%nta%ti%o%n i%n a%no%the%r bu%i%ldi%ng. I% di%dn't e%ve%n ste%p i%nto% Dr. Fa%rdi%na%'s ro%o%m."""
Brandon Ray,"""I@ wa@sn't e@ve@n o@n ca@mpu@s tha@t da@y. Che@ck the@ a@tte@nda@nce@ lo@gs; yo@u@ wo@n't fi@nd my na@me@."""
Alan Turing,"""20 8 5  16 1 20 20 5 18 14  9 19  20 15  3 12 5 1 14  21 16  20 8 5  6 9 12 5  2 25  18 5 13 15 22 9 14 7  1 6 20 5 18  5 1 3 8  22 15 23 5 12  20 8 5  19 25 13 2 15 12 19  16 5 18 3 5 14 20  4 15 12 12 1 18  3 1 18 18 15 20  1 20"""
Ishan Kar,"""I$ sto$le$ i$t i$n 2024 a$nd bri$be$d the$ po$li$ce$ wi$th do$nu$ts. No$t me$ thi$s ti$me$. >:D"""
Adrian Black,"""I% wa%s bu%sy wi%th my pro%je%ct pre%se%nta%ti%o%n i%n a%no%the%r bu%i%ldi%ng. I% di%dn't e%ve%n ste%p i%nto% Dr. Fa%rdi%na%'s ro%o%m."""
Brittany Taylor,"""I@ wa@s bu@sy wi@th my gro@u@p pro@je@ct me@e@ti@ng i@n a@ co@mple@te@ly di@ffe@re@nt bu@i@ldi@ng. I@ ca@n't te@le@po@rt i@nto@ Fa@rdi@na@'s O@ffi@ce@ tha@t fa@st."""
William Miller,"""I^ wa^sn't e^ve^n o^n ca^mpu^s tha^t da^y. Che^ck the^ a^tte^nda^nce^ lo^gs; yo^u^ wo^n't fi^nd my na^me^."""
Christopher Ferguson,"""Ste$a$li$ng? Tha$t's no$t i$n my na$tu$re$ a$t a$ll. I$ re$spe$ct e$ve$ryo$ne$'s pro$pe$rty, e$spe$ci$a$lly Dr. Fa$rdi$na$'s."""
