ID,Statement
P122,I saw someone that looks to be 25 years old acting suspicious.
P110,I saw someone that looks to be 23 years old acting suspicious.
P184,I saw someone with indigo skin acting suspicious.
P103,I saw someone with orange hair acting suspicious.
P001,I saw someone with red hair acting suspicious.
P164,I saw someone with blue skin acting suspicious.
P283,I saw someone that looks to be 20 years old acting suspicious.
P190,I saw someone with orange eyes acting suspicious.
P240,I saw someone who looked 158 cm tall acting suspicious.
P092,I saw someone with indigo hair acting suspicious.
P071,I saw someone with violet eyes acting suspicious.
P037,I saw someone with yellow eyes acting suspicious.
P150,I saw someone with orange hair acting suspicious.
P196,I saw someone who looked 158 cm tall acting suspicious.
P149,I saw someone with indigo eyes acting suspicious.
P180,I saw someone who looked 162 cm tall acting suspicious.
P075,I saw someone with orange hair acting suspicious.
P270,I saw someone with violet eyes acting suspicious.
P088,I saw someone that looks to be 21 years old acting suspicious.
P269,I saw someone with green eyes acting suspicious.
P058,I saw someone with green eyes acting suspicious.
P157,I saw someone who looked 152 cm tall acting suspicious.
P256,I saw someone that looks to be 21 years old acting suspicious.
P192,I saw someone who looked 167 cm tall acting suspicious.
P029,I saw someone who looked 158 cm tall acting suspicious.
P027,I saw someone with indigo skin acting suspicious.
P194,I saw someone who looked 154 cm tall acting suspicious.
P200,I saw someone with green skin acting suspicious.
P140,I saw someone with red eyes acting suspicious.
P051,I saw someone with green eyes acting suspicious.
P064,I saw someone who looked 160 cm tall acting suspicious.
P083,I saw someone that looks to be 20 years old acting suspicious.
P218,I saw someone who looked 152 cm tall acting suspicious.
P080,I saw someone with blue eyes acting suspicious.
P257,I saw someone with violet skin acting suspicious.
P170,I saw someone with orange eyes acting suspicious.
P139,I saw someone who looked 150 cm tall acting suspicious.
P176,I saw someone with green skin acting suspicious.
P204,I saw someone that looks to be 20 years old acting suspicious.
P254,I saw someone that looks to be 21 years old acting suspicious.
P267,I saw someone with orange hair acting suspicious.
P271,I saw someone with red skin acting suspicious.
P002,I saw someone with violet hair acting suspicious.
P138,I saw someone with red skin acting suspicious.
P079,I saw someone with violet eyes acting suspicious.
P206,I saw someone with violet hair acting suspicious.
P125,I saw someone with blue skin acting suspicious.
P264,I saw someone that looks to be 24 years old acting suspicious.
P244,I saw someone who looked 151 cm tall acting suspicious.
P114,I saw someone with orange eyes acting suspicious.
P059,I saw someone with green hair acting suspicious.
P205,I saw someone with yellow hair acting suspicious.
P189,I saw someone that looks to be 24 years old acting suspicious.
P207,I saw someone with indigo eyes acting suspicious.
P156,I saw someone that looks to be 20 years old acting suspicious.
P295,I saw someone with blue skin acting suspicious.
P220,I saw someone that looks to be 23 years old acting suspicious.
P298,I saw someone with red eyes acting suspicious.
P035,I saw someone with orange hair acting suspicious.
P060,I saw someone with orange skin acting suspicious.
P297,I saw someone with violet hair acting suspicious.
P025,I saw someone with red skin acting suspicious.
P013,I saw someone with red skin acting suspicious.
P011,I saw someone that looks to be 30 years old acting suspicious.
P203,I saw someone who looked 154 cm tall acting suspicious.
P219,I saw someone that looks to be 23 years old acting suspicious.
P041,I saw someone with violet hair acting suspicious.
P082,I saw someone with blue hair acting suspicious.
P038,I saw someone who looked 161 cm tall acting suspicious.
P134,I saw someone that looks to be 20 years old acting suspicious.
P284,I saw someone who looked 151 cm tall acting suspicious.
P036,I saw someone that looks to be 24 years old acting suspicious.
P076,I saw someone that looks to be 20 years old acting suspicious.
P169,I saw someone with yellow hair acting suspicious.
P043,I saw someone with red eyes acting suspicious.
P174,I saw someone who looked 151 cm tall acting suspicious.
P137,I saw someone with red hair acting suspicious.
P084,I saw someone with red skin acting suspicious.
P047,I saw someone that looks to be 21 years old acting suspicious.
P146,I saw someone with orange eyes acting suspicious.
P245,I saw someone with orange hair acting suspicious.
P052,I saw someone with green eyes acting suspicious.
P048,I saw someone that looks to be 23 years old acting suspicious.
P274,I saw someone who looked 158 cm tall acting suspicious.
P131,I saw someone with indigo hair acting suspicious.
P085,I saw someone with yellow skin acting suspicious.
P293,I saw someone with indigo eyes acting suspicious.
P262,I saw someone that looks to be 21 years old acting suspicious.
P285,I saw someone with orange eyes acting suspicious.
P054,I saw someone with orange hair acting suspicious.
P104,I saw someone who looked 164 cm tall acting suspicious.
P233,I saw someone that looks to be 22 years old acting suspicious.
P211,I saw someone who looked 163 cm tall acting suspicious.
P042,I saw someone with red hair acting suspicious.
P163,I saw someone that looks to be 25 years old acting suspicious.
P259,I saw someone with violet hair acting suspicious.
P153,I saw someone with violet eyes acting suspicious.
P111,I saw someone with violet eyes acting suspicious.
P223,I saw someone who looked 150 cm tall acting suspicious.
P193,I saw someone with yellow hair acting suspicious.
P266,I saw someone with yellow skin acting suspicious.
P109,I saw someone with blue eyes acting suspicious.
P089,I saw someone with green hair acting suspicious.
P106,I saw someone with red eyes acting suspicious.
P095,I saw someone that looks to be 24 years old acting suspicious.
P096,I saw someone with orange eyes acting suspicious.
P023,I saw someone with orange skin acting suspicious.
P253,I saw someone with violet hair acting suspicious.
P113,I saw someone with indigo eyes acting suspicious.
P228,I saw someone with indigo skin acting suspicious.
P236,I saw someone with red hair acting suspicious.
P234,I saw someone that looks to be 22 years old acting suspicious.
P100,I saw someone with orange skin acting suspicious.
P116,I saw someone with red skin acting suspicious.
P243,I saw someone with blue hair acting suspicious.
P061,I saw someone with orange skin acting suspicious.
P144,I saw someone with orange hair acting suspicious.
P242,I saw someone with green skin acting suspicious.
P201,I saw someone with green hair acting suspicious.
P068,I saw someone with green hair acting suspicious.
P018,I saw someone with orange hair acting suspicious.
P026,I saw someone with blue eyes acting suspicious.
P179,I saw someone with blue skin acting suspicious.
P258,I saw someone with red eyes acting suspicious.
P003,I saw someone who looked 170 cm tall acting suspicious.
P074,I saw someone with blue hair acting suspicious.
P010,I saw someone who looked 158 cm tall acting suspicious.
P217,I saw someone who looked 162 cm tall acting suspicious.
P263,I saw someone who looked 165 cm tall acting suspicious.
P155,I saw someone that looks to be 21 years old acting suspicious.
P197,I saw someone that looks to be 23 years old acting suspicious.
P024,I saw someone who looked 170 cm tall acting suspicious.
P187,I saw someone with blue hair acting suspicious.
P102,I saw someone that looks to be 24 years old acting suspicious.
P198,I saw someone who looked 153 cm tall acting suspicious.
P031,I saw someone with red skin acting suspicious.
P250,I saw someone with red hair acting suspicious.
P276,I saw someone with green skin acting suspicious.
P141,I saw someone that looks to be 23 years old acting suspicious.
P087,I saw someone who looked 159 cm tall acting suspicious.
P032,I saw someone that looks to be 21 years old acting suspicious.
P178,I saw someone who looked 158 cm tall acting suspicious.
P128,I saw someone with green hair acting suspicious.
P265,I saw someone who looked 164 cm tall acting suspicious.
P183,I saw someone with green skin acting suspicious.
P152,I saw someone who looked 166 cm tall acting suspicious.
P098,I saw someone with blue skin acting suspicious.
P133,I saw someone that looks to be 21 years old acting suspicious.
P049,I saw someone with red hair acting suspicious.
P028,I saw someone who looked 155 cm tall acting suspicious.
P294,I saw someone with violet eyes acting suspicious.
P090,I saw someone that looks to be 24 years old acting suspicious.
P172,I saw someone with red skin acting suspicious.
P034,I saw someone with orange eyes acting suspicious.
P278,I saw someone who looked 154 cm tall acting suspicious.
P050,I saw someone who looked 161 cm tall acting suspicious.
P016,I saw someone with blue skin acting suspicious.
P272,I saw someone who looked 153 cm tall acting suspicious.
P224,I saw someone who looked 152 cm tall acting suspicious.
P039,I saw someone with red skin acting suspicious.
P286,I saw someone with indigo hair acting suspicious.
P017,I saw someone who looked 151 cm tall acting suspicious.
P227,I saw someone with red hair acting suspicious.
P282,I saw someone that looks to be 22 years old acting suspicious.
P091,I saw someone with red skin acting suspicious.
P021,I saw someone with violet eyes acting suspicious.
P288,I saw someone with orange eyes acting suspicious.
P101,I saw someone that looks to be 23 years old acting suspicious.
P046,I saw someone with blue skin acting suspicious.
P202,I saw someone with green hair acting suspicious.
P181,I saw someone with violet skin acting suspicious.
P221,I saw someone with blue eyes acting suspicious.
P280,I saw someone that looks to be 21 years old acting suspicious.
P195,I saw someone with indigo hair acting suspicious.
P132,I saw someone with indigo hair acting suspicious.
P093,I saw someone who looked 159 cm tall acting suspicious.
P118,I saw someone who looked 166 cm tall acting suspicious.
P105,I saw someone with green eyes acting suspicious.
P130,I saw someone with green hair acting suspicious.
P158,I saw someone who looked 166 cm tall acting suspicious.
P066,I saw someone that looks to be 24 years old acting suspicious.
P012,I saw someone who looked 153 cm tall acting suspicious.
P255,I saw someone with blue eyes acting suspicious.
P022,I saw someone who looked 162 cm tall acting suspicious.
P173,I saw someone with green hair acting suspicious.
P073,I saw someone with indigo skin acting suspicious.
P136,I saw someone with blue hair acting suspicious.
P247,I saw someone with orange eyes acting suspicious.
P171,I saw someone that looks to be 24 years old acting suspicious.
P094,I saw someone with red hair acting suspicious.
P229,I saw someone with green eyes acting suspicious.
P287,I saw someone with red hair acting suspicious.
P143,I saw someone with green hair acting suspicious.
P277,I saw someone who looked 154 cm tall acting suspicious.
P296,I saw someone with blue skin acting suspicious.
P209,I saw someone with red eyes acting suspicious.
P040,I saw someone who looked 155 cm tall acting suspicious.
P129,I saw someone with violet skin acting suspicious.
P215,I saw someone that looks to be 22 years old acting suspicious.
P014,I saw someone that looks to be 20 years old acting suspicious.
P241,I saw someone with orange hair acting suspicious.
P188,I saw someone who looked 154 cm tall acting suspicious.
P279,I saw someone with blue eyes acting suspicious.
P127,I saw someone with blue eyes acting suspicious.
P251,I saw someone that looks to be 23 years old acting suspicious.
P246,I saw someone with violet hair acting suspicious.
P299,I saw someone that looks to be 32 years old acting suspicious.
P166,I saw someone who looked 151 cm tall acting suspicious.
P261,I saw someone who looked 169 cm tall acting suspicious.
P112,I saw someone with orange hair acting suspicious.
P191,I saw someone who looked 154 cm tall acting suspicious.
P124,I saw someone with orange skin acting suspicious.
P289,I saw someone that looks to be 20 years old acting suspicious.
P177,I saw someone with indigo eyes acting suspicious.
P057,I saw someone that looks to be 20 years old acting suspicious.
P161,I saw someone that looks to be 24 years old acting suspicious.
P292,I saw someone who looked 162 cm tall acting suspicious.
P097,I saw someone that looks to be 20 years old acting suspicious.
P008,I saw someone who looked 154 cm tall acting suspicious.
P117,I saw someone that looks to be 22 years old acting suspicious.
P185,I saw someone with green hair acting suspicious.
P030,I saw someone with yellow skin acting suspicious.
P126,I saw someone with green skin acting suspicious.
P107,I saw someone that looks to be 29 years old acting suspicious.
P055,I saw someone who looked 155 cm tall acting suspicious.
P007,I saw someone with red skin acting suspicious.
P070,I saw someone that looks to be 23 years old acting suspicious.
P237,I saw someone who looked 160 cm tall acting suspicious.
P231,I saw someone with orange eyes acting suspicious.
P115,I saw someone who looked 159 cm tall acting suspicious.
P208,I saw someone that looks to be 23 years old acting suspicious.
P020,I saw someone that looks to be 22 years old acting suspicious.
P019,I saw someone that looks to be 35 years old acting suspicious.
P226,I saw someone who looked 159 cm tall acting suspicious.
P119,I saw someone with orange skin acting suspicious.
P072,I saw someone that looks to be 23 years old acting suspicious.
P081,I saw someone who looked 156 cm tall acting suspicious.
P063,I saw someone who looked 158 cm tall acting suspicious.
P056,I saw someone that looks to be 20 years old acting suspicious.
P045,I saw someone who looked 165 cm tall acting suspicious.
P232,I saw someone with orange eyes acting suspicious.
P159,I saw someone with yellow eyes acting suspicious.
P044,I saw someone who looked 163 cm tall acting suspicious.
P006,I saw someone who looked 150 cm tall acting suspicious.
P165,I saw someone with blue hair acting suspicious.
P213,I saw someone with yellow skin acting suspicious.
P186,I saw someone with red hair acting suspicious.
P291,I saw someone that looks to be 21 years old acting suspicious.
P065,I saw someone with green hair acting suspicious.
P199,I saw someone with violet hair acting suspicious.
P151,I saw someone with orange hair acting suspicious.
P069,I saw someone with blue eyes acting suspicious.
P086,I saw someone with red skin acting suspicious.
P175,I saw someone who looked 170 cm tall acting suspicious.
P230,I saw someone with yellow eyes acting suspicious.
P248,I saw someone with violet eyes acting suspicious.
P160,I saw someone with green skin acting suspicious.
P214,I saw someone with violet eyes acting suspicious.
P062,I saw someone with green eyes acting suspicious.
P252,I saw someone with indigo skin acting suspicious.
P009,I saw someone who looked 150 cm tall acting suspicious.
P147,I saw someone with green hair acting suspicious.
P135,I saw someone with violet hair acting suspicious.
P033,I saw someone who looked 164 cm tall acting suspicious.
P078,I saw someone that looks to be 24 years old acting suspicious.
P273,I saw someone with indigo hair acting suspicious.
P154,I saw someone with indigo skin acting suspicious.
P142,I saw someone with green skin acting suspicious.
P281,I saw someone with blue eyes acting suspicious.
P120,I saw someone with red skin acting suspicious.
P005,I saw someone with yellow hair acting suspicious.
P290,I saw someone with indigo hair acting suspicious.
P162,I saw someone with green eyes acting suspicious.
P099,I saw someone with violet eyes acting suspicious.
P015,I saw someone with orange hair acting suspicious.
P239,I saw someone who looked 167 cm tall acting suspicious.
P260,I saw someone who looked 153 cm tall acting suspicious.
P067,I saw someone with green hair acting suspicious.
P212,I saw someone with blue hair acting suspicious.
P268,I saw someone that looks to be 21 years old acting suspicious.
P249,I saw someone who looked 155 cm tall acting suspicious.
P108,I saw someone that looks to be 21 years old acting suspicious.
P004,I saw someone with yellow eyes acting suspicious.
P225,I saw someone that looks to be 24 years old acting suspicious.
P210,I saw someone that looks to be 20 years old acting suspicious.
P077,I saw someone with orange eyes acting suspicious.
P168,I saw someone with red skin acting suspicious.
P167,I saw someone with green eyes acting suspicious.
P222,I saw someone with orange eyes acting suspicious.
P300,I saw someone with blue eyes acting suspicious.
P216,I saw someone with orange skin acting suspicious.
P182,I saw someone with green hair acting suspicious.
P275,I saw someone that looks to be 24 years old acting suspicious.
P148,I saw someone with violet eyes acting suspicious.
P053,I saw someone with orange skin acting suspicious.
P123,I saw someone that looks to be 20 years old acting suspicious.
P121,I saw someone with orange eyes acting suspicious.
P238,I saw someone with yellow hair acting suspicious.
P145,I saw someone with orange eyes acting suspicious.
P235,I saw someone that looks to be 23 years old acting suspicious.
